Filename,Cleaned_Parties
CybergyHoldingsInc_20140520_10-Q_EX-10.27_8605784_EX-10.27_Affiliate Agreement.pdf,"['Birch First Global Investments Inc.', 'Mount Kowledge Holdings Inc.']"
EuromediaHoldingsCorp_20070215_10SB12G_EX-10.B(01)_525118_EX-10.B(01)_Content License Agreement.pdf,"['Rogers Cable Communications Inc.', 'EuroMedia Holdings Corp.']"
FulucaiProductionsLtd_20131223_10-Q_EX-10.9_8368347_EX-10.9_Content License Agreement.pdf,"['CONVERGTV,\xa0INC.', 'Fulucai Productions Ltd.']"
GopageCorp_20140221_10-K_EX-10.1_8432966_EX-10.1_Content License Agreement.pdf,"['PSiTech Corporation', 'Empirical Ventures, Inc']"
IdeanomicsInc_20160330_10-K_EX-10.26_9512211_EX-10.26_Content License Agreement.pdf,"['Beijing Sun Seven Stars Culture Development Limited', 'YOU ON DEMAND HOLDINGS, INC']"
DeltathreeInc_19991102_S-1A_EX-10.19_6227850_EX-10.19_Co-Branding Agreement_ Service Agreement.pdf,"['RSL COM PrimeCall, Inc.', 'deltathree.com, Inc.']"
EdietsComInc_20001030_10QSB_EX-10.4_2606646_EX-10.4_Co-Branding Agreement.pdf,"['WOMEN.COM NETWORKS, INC.', 'EDIETS.COM, INC.']"
IntegrityMediaInc_20010329_10-K405_EX-10.17_2373875_EX-10.17_Co-Branding Agreement.pdf,"['INTEGRITY INCORPORATED', 'TIME LIFE, INC. d/b/a Time Life Music']"
MusclepharmCorp_20170208_10-KA_EX-10.38_9893581_EX-10.38_Co-Branding Agreement.pdf,"['Marine MP, LLC', 'Arnold Schwarzenegger', 'Fitness Publications, Inc.', 'Lender, Endorser and Fitness', 'MusclePharm Corporation']"
TomOnlineInc_20060501_20-F_EX-4.46_749700_EX-4.46_Co-Branding Agreement.pdf,"['Skype Communications, S.A.', 'Skype Technologies, S.A.', 'TOM Online  limited', 'TOM Online Inc.', 'Tel Online Limited . Skype, Online BVI and the Company', 'Skype, Online BVI, the Company, Skype Holding and Tom Holding']"
ConformisInc_20191101_10-Q_EX-10.6_11861402_EX-10.6_Development Agreement.pdf,"['Howmedica Ostenonics Corp.', 'Conformis, Inc.', 'Stryker and Conformis']"
EtonPharmaceuticalsInc_20191114_10-Q_EX-10.1_11893941_EX-10.1_Development Agreement.pdf,"['Eton Pharmaceuticals, Inc.', 'Aucta Pharmaceuticals, Inc.']"
FuelcellEnergyInc_20191106_8-K_EX-10.1_11868007_EX-10.1_Development Agreement.pdf,"['ExxonMobil Research and Engineering Company', 'FuelCell Energy, Inc.']"
ReedsInc_20191113_10-Q_EX-10.4_11888303_EX-10.4_Development Agreement.pdf,"[""Reed's, Inc."", 'BC Marketing Concepts Inc., dba Full Sail Brewing Company']"
FuseMedicalInc_20190321_10-K_EX-10.43_11575454_EX-10.43_Distributor Agreement.pdf,"['Signature Orthopaedics Pty Ltd', 'CPM Medical Consultants, LLC']"
GentechHoldingsInc_20190808_1-A_EX1A-6 MAT CTRCT_11776814_EX1A-6 MAT CTRCT_Distributor Agreement.pdf,"['B & C General Warehouse Corporation LLC', 'XXXXXXXXXXXXXXXXXXXXX']"
ImineCorp_20180725_S-1_EX-10.5_11275970_EX-10.5_Distributor Agreement.pdf,"['iMine Corporation', 'SUNWAI Technology']"
InnerscopeHearingTechnologiesInc_20181109_8-K_EX-10.6_11419704_EX-10.6_Distributor Agreement.pdf,"['Erchonia Corporation', 'InnerScope Hearing Technologies Inc']"
WaterNowInc_20191120_10-Q_EX-10.12_11900227_EX-10.12_Distributor Agreement.pdf,"['WATER NOW, INC.', 'Hydraspin USA, Inc.', 'BESTEV MANAGEMENT, LLC', 'Hydraspin and Distributor']"
GridironBionutrientsInc_20171206_8-K_EX-10.2_10972556_EX-10.2_Endorsement Agreement.pdf,"['National Football League Alumni - Northern California Chapter', 'National Football League Alumni, Inc', 'Food For Athletes, Inc./ Gridiron Gridiron BioNutrients™']"
EcoScienceSolutionsInc_20171117_8-K_EX-10.1_10956472_EX-10.1_Endorsement Agreement.pdf,"['Eco Science Solutions, Inc', 'Stephen Marley']"
NakedBrandGroupInc_20150731_POS AM (on S-1)_EX-10.75_9196027_EX-10.75_Endorsement Agreement.pdf,"['The Naked Brands Group, Inc', 'Wade Enterprises, LLC', 'f/s/o Dwayne Wade', 'Wade Enterprises, Athlete and togetherwith Naked,']"
RgcResourcesInc_20151216_8-K_EX-10.3_9372751_EX-10.3_Franchise Agreement.pdf,"['TOWN OF VINTON, VIRGINIA', 'ROANOKE GAS COMPANY']"
SimplicityEsportsGamingCompany_20181130_8-K_EX-10.1_11444071_EX-10.1_Franchise Agreement.pdf,"['Smaaash Entertainment Private Limited', 'I-AM Capital Acquisition Company']"
Freecook_20180605_S-1_EX-10.3_11233807_EX-10.3_Hosting Agreement.pdf,"['FreeCook', ""Mitchell's Web Advance, PLC""]"
PareteumCorp_20081001_8-K_EX-99.1_2654808_EX-99.1_Hosting Agreement.pdf,"['Elephant Talk Communication Holding AG', 'T-Mobile Netherlands B.V.']"
VitalibisInc_20180316_8-K_EX-10.2_11100168_EX-10.2_Hosting Agreement.pdf,"['VITALIBIS INC', 'VOTOCAST, Inc.']"
QuantumGroupIncFl_20090120_8-K_EX-99.2_3672910_EX-99.2_Hosting Agreement.pdf,"['International Business Machines Corporation', 'The Quantum Group Inc.']"
CerenceInc_20191002_8-K_EX-10.4_11827494_EX-10.4_Intellectual Property Agreement.pdf,"['NUANCE COMMUNICATIONS, INC', 'CERENCE INC.']"
GarrettMotionInc_20181001_8-K_EX-2.4_11364532_EX-2.4_Intellectual Property Agreement.pdf,"['HONEYWELL INTERNATIONAL INC.', 'GARRETT MOTION INC.']"
RareElementResourcesLtd_20171019_SC 13D_EX-99.4_10897534_EX-99.4_Intellectual Property Agreement.pdf,"['Synchron', 'Rare Element Resources Ltd.']"
ArtaraTherapeuticsInc_20200110_8-K_EX-10.5_11943350_EX-10.5_License Agreement.pdf,"['Artara Therapeutics, Inc.', 'The University of Iowa']"
GpaqAcquisitionHoldingsInc_20200123_S-4A_EX-10.6_11951677_EX-10.6_License Agreement.pdf,"['NATIONAL FOOTBALL MUSEUM, INC. d/b/a Pro Football Hall of Fame', 'HOF Village, LLC', 'HOF Village, LLC']"
CytodynInc_20200109_10-Q_EX-10.5_11941634_EX-10.5_License Agreement.pdf,"['Vyera Pharmaceuticals, LLC', 'CytoDyn Inc.', 'CytoDyn and Vyera']"
VirtuosoSurgicalInc_20191227_1-A_EX1A-6 MAT CTRCT_11933379_EX1A-6 MAT CTRCT_License Agreement.pdf,"['The John Hopkins University', 'Virtuoso Surgical, Inc.']"
AtnInternationalInc_20191108_10-Q_EX-10.1_11878541_EX-10.1_Maintenance Agreement.pdf,"['Commnet Wireless, LLC', 'AT&T Mobility LLC']"
BloomEnergyCorp_20180321_DRSA (on S-1)_EX-10_11240356_EX-10_Maintenance Agreement.pdf,"['BLOOM ENERGY CORPORATION', 'DIAMOND STATE GENERATION PARTNERS, LLC']"
HerImports_20161018_8-KA_EX-10.14_9765707_EX-10.14_Maintenance Agreement.pdf,"['Leader Act Ltd', 'EZJR, Inc.']"
InmodeLtd_20190729_F-1A_EX-10.9_11743243_EX-10.9_Manufacturing Agreement.pdf,"['INVASIX LTD.', 'FLEXTRONICS ISRAEL LTD.']"
NeuroboPharmaceuticalsInc_20190903_S-4_EX-10.36_11802165_EX-10.36_Manufacturing Agreement_ Supply Agreement.pdf,"['Dong-A ST Co., Ltd.', 'NeuroBo Pharmaceuticals, Inc.']"
KitovPharmaLtd_20190326_20-F_EX-4.15_11584449_EX-4.15_Manufacturing Agreement.pdf,"['DEXCEL LTD.', 'KITOV Pharma Ltd.']"
UpjohnInc_20200121_10-12G_EX-2.6_11948692_EX-2.6_Manufacturing Agreement_ Supply Agreement.pdf,"['Pifzer Inc.', 'Upjohn Inc.']"
CcRealEstateIncomeFundadv_20181205_POS 8C_EX-99.(H)(3)_11447739_EX-99.(H)(3)_Marketing Agreement.pdf,"['ALPS Distributors, Inc.', 'S2K Financial LLC']"
EmmisCommunicationsCorp_20191125_8-K_EX-10.6_11906433_EX-10.6_Marketing Agreement.pdf,"['MediaCo Holding Inc.', 'WBLS-WLIB LLC']"
TodosMedicalLtd_20190328_20-F_EX-4.10_11587157_EX-4.10_Marketing Agreement_ Reseller Agreement.pdf,"['Todos Medical Ltd.', 'Care G. B. Plus Ltd.']"
VertexEnergyInc_20200113_8-K_EX-10.1_11943624_EX-10.1_Marketing Agreement.pdf,"['Bunker One  Inc.', 'Vertex Energy Operating LLC']"
XpresspaGroupInc_20190401_10-K_EX-10.28_11599457_EX-10.28_Marketing Agreement.pdf,"['Calm.com, Inc.', 'XpresSpa Group, Inc.']"
FerroglobePlc_20150624_F-4A_EX-10.20_9154746_EX-10.20_Outsourcing Agreement.pdf,"['SLICON SMELTERS PTY LTD', 'ESPACIO INFORMATION TECHNOLOGY, SA.']"
ImperialGardenResortInc_20161028_DRS (on F-1)_EX-10.13_9963189_EX-10.13_Outsourcing Agreement.pdf,"['The HUANG JIA Country CLUB and Recreation Inc.', 'Chang Chen-Bin Architects Office']"
ParatekPharmaceuticalsInc_20170505_10-KA_EX-10.29_10323872_EX-10.29_Outsourcing Agreement.pdf,"['Paratek Pharmaceuticals, Inc.', 'CARBOGEN AMCIS AG']"
PhotronicsInc_20171219_10-QA_EX-10.28_10982650_EX-10.28_Outsourcing Agreement.pdf,"['Photronics, Inc.', 'Dai Nippon Printing Co., Ltd.', 'Photronics DNP Photomask Corporation', 'Xiamen American Japan Photronics Mask Co., Ltd.', 'Phototronics and DNP', 'Shareholder and PDMC']"
ExactSciencesCorp_20180822_8-K_EX-10.1_11331629_EX-10.1_Promotion Agreement.pdf,"['Pfizer Inc.', 'Exact Sciences Corporation']"
DovaPharmaceuticalsInc_20181108_10-Q_EX-10.2_11414857_EX-10.2_Promotion Agreement.pdf,"['Dova Pharmaceuticals, Inc.', 'Valeant Pharmaceuticals North America LLC']"
VnueInc_20150914_8-K_EX-10.1_9259571_EX-10.1_Promotion Agreement.pdf,"['BookingEntertainment.com', 'VNUE, Inc.']"
SigaTechnologiesInc_20190603_8-K_EX-10.1_11695818_EX-10.1_Promotion Agreement.pdf,"['SIGA TECHNOLOGIES, INC.', 'MERIDIAN MEDICAL TECHNOLOGIES, INC.']"
BravatekSolutionsInc_20170418_8-K_EX-10.1_10205739_EX-10.1_Reseller Agreement.pdf,"['i3 Integrative Creative Solutions, LLC', 'Bravatek Solutions, Inc.']"
HealthcareIntegratedTechnologiesInc_20190812_8-K_EX-10.1_11776966_EX-10.1_Reseller Agreement.pdf,"['Vayyar Imaging Ltd.', 'IndeLiving Holdings, Inc.']"
EhaveInc_20190515_20-F_EX-4.44_11678816_EX-4.44_License Agreement_ Reseller Agreement.pdf,"['EHAVE, INC.', 'COMPANION HEALTHCARE TECHNOLOGIES CORP']"
SalesforcecomInc_20171122_10-Q_EX-10.1_10961535_EX-10.1_Reseller Agreement.pdf,"['salesforce.com, inc.', 'Salesforce.org']"
IpassInc_20181203_8-K_EX-99.1_11445874_EX-99.1_Reseller Agreement.pdf,"['IPASS INC.', 'Pareteum Corporation']"
GpaqAcquisitionHoldingsInc_20200123_S-4A_EX-10.8_11951679_EX-10.8_Service Agreement.pdf,"['HOF Village, LLC', 'National Football Museum, Inc. d/b/a Pro Football Hall of Fame', 'Constellation NewEnergy, Inc., on behalf of itself and its retail affiliates and subsidiaries', 'HOFV and/or PFHOF, and Constellation,']"
IntegrityFunds_20200121_485BPOS_EX-99.E UNDR CONTR_11948727_EX-99.E UNDR CONTR_Service Agreement.pdf,"['Integrity Short Term Government Fund,', 'The Integrity Funds, Integrity Funds Distributor, LLC,']"
ReynoldsConsumerProductsInc_20200121_S-1A_EX-10.22_11948918_EX-10.22_Service Agreement.pdf,"['Reynolds Group Holdings Inc.', 'Reynolds Consumer Products Inc.', 'Each Party or any of its Affiliates providing services hereunder', 'each Party or any of its Affiliates receiving services hereunder']"
VerizonAbsLlc_20200123_8-K_EX-10.4_11952335_EX-10.4_Service Agreement.pdf,"['VERIZON OWNER TRUST', 'VERIZON ABS LLC', 'Cellco Partnership d/b/a Verizon Wireless']"
ArcGroupInc_20171211_8-K_EX-10.1_10976103_EX-10.1_Sponsorship Agreement.pdf,"['Jacksonville Jaguars, LLC', 'The ARC Group, Inc.']"
AlliedEsportsEntertainmentInc_20190815_8-K_EX-10.34_11788308_EX-10.34_Sponsorship Agreement.pdf,"['Newegg Inc.', 'Allied Esports International, Inc.']"
EcoScienceSolutionsInc_20180406_8-K_EX-10.1_11135398_EX-10.1_Sponsorship Agreement.pdf,"['Fruit of Life Productions LLC', 'Eco Science Solutions, Inc.']"
AgapeAtpCorp_20191202_10-KA_EX-10.1_11911128_EX-10.1_Supply Agreement.pdf,"['ORGANIC PREPARATIONS INC.', 'AGAPE ATP INTERNATIONAL HOLDING LIMITED']"
FreezeTagInc_20180411_8-K_EX-10.1_11139603_EX-10.1_Sponsorship Agreement.pdf,"['Freeze Tag Inc.', 'American Diabetes Association']"
LohaCompanyltd_20191209_F-1_EX-10.16_11917878_EX-10.16_Supply Agreement.pdf,"['Shenzhen LOHAS Supply Chain Management Co., Ltd.', 'the seller']"
ReynoldsConsumerProductsInc_20191115_S-1_EX-10.18_11896469_EX-10.18_Supply Agreement.pdf,"['REYNOLDS CONSUMER PRODUCTS LLC', 'PACTIV LLC']"
WestPharmaceuticalServicesInc_20200116_8-K_EX-10.1_11947529_EX-10.1_Supply Agreement.pdf,"['ExxonMobil Chemical Company , on behalf of itself and in the interest of the ExxonMobil affiliates listed on Attachment B', 'West Pharmaceutical Services, Inc. , on behalf of itself and the Buyer affiliates listed on Attachment C']"
HertzGroupRealtyTrustInc_20190920_S-11A_EX-10.8_11816941_EX-10.8_Trademark License Agreement.pdf,"['HERTZ INVESTMENT GROUP, LLC', 'HERTZ GROUP REALTY TRUST, INC.']"
ArconicRolledProductsCorp_20191217_10-12B_EX-2.7_11923804_EX-2.7_Trademark License Agreement.pdf,"['ARCONIC INC.', 'ARCONIC ROLLED PRODUCTS CORP.']"
MorganStanleyDirectLendingFund_20191119_10-12GA_EX-10.5_11898508_EX-10.5_Trademark License Agreement.pdf,"['Morgan Stanley Investment Management Inc.', 'Morgan Stanley Direct Lending Fund']"
NmfSlfIInc_20200115_10-12GA_EX-10.5_11946987_EX-10.5_Trademark License Agreement.pdf,"['New Mountain Capital, LLC.', 'NMF Senior Loan Fund I, Inc.']"
PalmerSquareCapitalBdcInc_20200116_10-12GA_EX-10.6_11949289_EX-10.6_Trademark License Agreement.pdf,"['Palmer Square Capital Management LLC', 'Palmer Square Capital BDC Inc.']"
PenntexMidstreamPartnersLp_20150416_S-1A_EX-10.4_9042833_EX-10.4_Transportation Agreement.pdf,"['PennTex North Louisiana Operating, LLC', 'MRD Operating LLC']"
TcPipelinesLp_20160226_10-K_EX-99.12_9454048_EX-99.12_Transportation Agreement.pdf,"['Great Lakes Gas Transmission Limited Partnership', 'ANR PIPELINE COMPANY']"
RangeResourcesLouisianaInc_20150417_8-K_EX-10.5_9045501_EX-10.5_Transportation Agreement.pdf,"['PennTex North Louisiana Operating, LLC', 'MRD Operating LLC']"
ZtoExpressCaymanInc_20160930_F-1_EX-10.10_9752871_EX-10.10_Transportation Agreement.pdf,"['ZTO Express Co., Ltd.', 'Tonglu Tongze Logistics Ltd.']"
AudibleInc_20001113_10-Q_EX-10.32_2599586_EX-10.32_Co-Branding Agreement_ Marketing Agreement_ Investment Distribution Agreement.pdf,"['Amazon.com Commerce Services, Inc.', 'Audible Inc.']"
2ThemartComInc_19990826_10-12G_EX-10.10_6700288_EX-10.10_Co-Branding Agreement_ Agency Agreement.pdf,"['I-ESCROW, INC.', '2THEMART.COM, INC.']"
EmbarkComInc_19991008_S-1A_EX-10.10_6487661_EX-10.10_Co-Branding Agreement.pdf,"['Snap Technologies, Inc.', 'United Airlines, Inc.']"
HealthcentralCom_19991108_S-1A_EX-10.27_6623292_EX-10.27_Co-Branding Agreement.pdf,"['MEDIALINX INTERACTIVE, L.P.', 'HEALTHCENTRAL.com INC.']"
ImpresseCorp_20000322_S-1A_EX-10.11_5199234_EX-10.11_Co-Branding Agreement.pdf,"['VerticalNet, Inc.', 'Impresse Corporation']"
EbixInc_20010515_10-Q_EX-10.3_4049767_EX-10.3_Co-Branding Agreement.pdf,"['About.com, Inc.', 'ebix.com, Inc.']"
InvendaCorp_20000828_S-1A_EX-10.2_2588206_EX-10.2_Co-Branding Agreement.pdf,"['At Home Corporation', 'e-centives, Inc.']"
MphaseTechnologiesInc_20030911_10-K_EX-10.15_1560667_EX-10.15_Co-Branding Agreement.pdf,"['Lucent Technologies Inc.', 'mPhase Technologies Inc.']"
LeadersonlineInc_20000427_S-1A_EX-10.8_4991089_EX-10.8_Co-Branding Agreement.pdf,"['VerticalNet, Inc.', 'LeadersOnline, Inc.']"
NeoformaInc_19991202_S-1A_EX-10.26_5224521_EX-10.26_Co-Branding Agreement.pdf,"['VerticalNet, Inc.', 'Neoforma.com, Inc.']"
PaperexchangeComInc_20000322_S-1A_EX-10.4_5202103_EX-10.4_Co-Branding Agreement.pdf,"['VerticalNet, Inc.', 'PaperExchange.com, LLC']"
RaeSystemsInc_20001114_10-Q_EX-10.57_2631790_EX-10.57_Co-Branding Agreement.pdf,"['NETTAXI Online Communities, Inc.', 'Solutions Media, Inc.']"
RandWorldwideInc_20010402_8-KA_EX-10.2_2102464_EX-10.2_Co-Branding Agreement.pdf,"['Dassault Systemes  and/or certain affiliates of Dassault Systems', 'PlanetCAD Inc.']"
TheglobeComInc_19990503_S-1A_EX-10.20_5416126_EX-10.20_Co-Branding Agreement.pdf,"['theglobe.com, Inc.', 'The Boxlot Company']"
StampscomInc_20001114_10-Q_EX-10.47_2631630_EX-10.47_Co-Branding Agreement.pdf,"['iShip.com, Inc.', 'Mail Boxes Etc. USA, Inc.']"
CreditcardscomInc_20070810_S-1_EX-10.33_362297_EX-10.33_Affiliate Agreement.pdf,"['Chase Bank USA, N.A.,', 'You']"
DigitalCinemaDestinationsCorp_20111220_S-1_EX-10.10_7346719_EX-10.10_Affiliate Agreement.pdf,"['National CineMedia, LLC', 'Digital Cinema Destinations Corp.', '“Network Affiliate” and with NCM, ""Party"" and collectively, the ""Parties""']"
LinkPlusCorp_20050802_8-K_EX-10_3240252_EX-10_Affiliate Agreement.pdf,"['Link Plus Corporation', 'Axiometric, LLC.']"
SouthernStarEnergyInc_20051202_SB-2A_EX-9_801890_EX-9_Affiliate Agreement.pdf,"['Web site owners', 'Software Publishers', 'element 5 GmbH and its subsidiaries  and who wish to make use of the additional service provided by element 5']"
SteelVaultCorp_20081224_10-K_EX-10.16_3074935_EX-10.16_Affiliate Agreement.pdf,"['Equidata, Inc.', 'National Credit Report.com, LLC']"
UnionDentalHoldingsInc_20050204_8-KA_EX-10_3345577_EX-10_Affiliate Agreement.pdf,"['Dr. George D. Green', 'UNION DENTAL CORP.']"
TubeMediaCorp_20060310_8-K_EX-10.1_513921_EX-10.1_Affiliate Agreement.pdf,"['The TUBE Music Network, Inc.', 'Tribune Broadcasting Company']"
UsioInc_20040428_SB-2_EX-10.11_1723988_EX-10.11_Affiliate Agreement 2.pdf,"['NETWORK  1 FINANCIAL, INC.', 'Payment Data  Systems,  Inc.']"
BizzingoInc_20120322_8-K_EX-10.17_7504499_EX-10.17_Endorsement Agreement.pdf,"['Bizzingo, Inc', 'Joseph Theismann']"
BerkshireHillsBancorpInc_20120809_10-Q_EX-10.16_7708169_EX-10.16_Endorsement Agreement.pdf,"['Geno Auriemma', 'Berkshire Bank']"
GridironBionutrientsInc_20171206_8-K_EX-10.1_10972555_EX-10.1_Endorsement Agreement.pdf,"['National Football League Alumni - Northern America Chapter', 'National Football League Alumni, Inc', 'Food For Athletes, Inc./Gridiron BioNutrients™']"
LegacyEducationAllianceInc_20141110_8-K_EX-10.9_8828866_EX-10.9_Endorsement Agreement.pdf,"['Tigrent Learning UK Limited', 'Celebrity Speakers', 'Robbie Fowler']"
LifewayFoodsInc_20160316_10-K_EX-10.24_9489766_EX-10.24_Endorsement Agreement.pdf,"['Lifeway Foods, Inc.', 'Ludmila Smolyansky']"
PerformanceSportsBrandsInc_20110909_S-1_EX-10.10_7220214_EX-10.10_Endorsement Agreement.pdf,"['Golfers Incorporated', 'Andy North']"
PharmagenInc_20120803_8-KA_EX-10.1_7693204_EX-10.1_Endorsement Agreement.pdf,"['Healthcare Distribution Specialists LLC', 'Paul Silas']"
PrudentialBancorpInc_20170606_8-K_EX-10.4_10474434_EX-10.4_Endorsement Agreement.pdf,"['Prudential Bank', 'Jeffrey Hanuscin']"
ThriventVariableInsuranceAccountB_20190701_N-6_EX-99.D(IV)_11720968_EX-99.D(IV)_Endorsement Agreement.pdf,['Thrivent Financial for Lutherans']
ArcaUsTreasuryFund_20200207_N-2_EX-99.K5_11971930_EX-99.K5_Development Agreement.pdf,"['ARCA U.S. TREASURY FUND', 'ARCA CAPITAL MANAGEMENT, LLC']"
AimmuneTherapeuticsInc_20200205_8-K_EX-10.3_11967170_EX-10.3_Development Agreement.pdf,"['Xencor, Inc.', 'Aimmune Therapeutics, Inc.']"
CnsPharmaceuticalsInc_20200326_8-K_EX-10.1_12079626_EX-10.1_Development Agreement.pdf,"['CNS Pharmaceuticals, Inc.', 'WPD Pharmaceuticals']"
ClickstreamCorp_20200330_1-A_EX1A-6 MAT CTRCT_12089935_EX1A-6 MAT CTRCT_Development Agreement.pdf,"['InfinixSoft Global LLC', 'Clickstream Corporation']"
CoherusBiosciencesInc_20200227_10-K_EX-10.29_12021376_EX-10.29_Development Agreement.pdf,"['Bioeq IP, AG', 'Coherus BioSciences, Inc.']"
ElPolloLocoHoldingsInc_20200306_10-K_EX-10.16_12041700_EX-10.16_Development Agreement.pdf,"['EL POLLO LOCO, INC.', 'an individual']"
EmeraldHealthBioceuticalsInc_20200218_1-A_EX1A-6 MAT CTRCT_11987205_EX1A-6 MAT CTRCT_Development Agreement.pdf,"['Emerald Health Sciences Inc.', 'Emerald Health Nutraceuticals Inc.', 'Michael T. Murray, N.D.']"
HarpoonTherapeuticsInc_20200312_10-K_EX-10.18_12051356_EX-10.18_Development Agreement.PDF,"['Harpoon Therapeutics, Inc.', 'AbbVie Biotechnology Ltd']"
IbioInc_20200313_8-K_EX-10.1_12052678_EX-10.1_Development Agreement.pdf,"['iBio Inc.', 'Beijing CC-Pharming Ltd.']"
HfEnterprisesInc_20191223_S-1_EX-10.22_11931299_EX-10.22_Development Agreement.pdf,"['Document Security Systems, Inc.', 'HotApp International Ltd.']"
LegacyEducationAllianceInc_20200330_10-K_EX-10.18_12090678_EX-10.18_Development Agreement.pdf,"['T&B Seminars, Inc.', 'Legacy Education Alliance Holdings, Inc.']"
LiquidmetalTechnologiesInc_20200205_8-K_EX-10.1_11968198_EX-10.1_Development Agreement.pdf,"['LIQUIDMETAL TECHNOLOGIES, INC.', 'EUTECTIX, LLC']"
NlsPharmaceuticsLtd_20200228_F-1_EX-10.14_12029046_EX-10.14_Development Agreement.pdf,"['NLS-1 Pharma AG', 'Eurofarma Laboratorios S.A.']"
PhasebioPharmaceuticalsInc_20200330_10-K_EX-10.21_12086810_EX-10.21_Development Agreement.pdf,"['PhaseBio Pharmaceuticals Inc.', 'SFJ Pharmaceuticals X, Ltd.']"
RevolutionMedicinesInc_20200117_S-1_EX-10.1_11948417_EX-10.1_Development Agreement.pdf,"['Revolution Medicines, Inc.', 'Aventis, Inc.']"
RitterPharmaceuticalsInc_20200313_S-4A_EX-10.54_12055220_EX-10.54_Development Agreement.pdf,"['Sekisui Diagnostics, LLC and its Affiliates', 'Qualigen, Inc. and its Affiliates']"
VgrabCommunicationsInc_20200129_10-K_EX-10.33_11958828_EX-10.33_Development Agreement.pdf,"['VGrab Asia Ltd.', 'Mr. Zheng Qing, Mr. Gu Xianwin and Ms. Chen Weijie']"
ChinaRealEstateInformationCorp_20090929_F-1_EX-10.32_4771615_EX-10.32_Content License Agreement.pdf,"['Beijing SINA Internet Information Service Co., Ltd.', 'Beijing Yisheng Leju Information Services Co., Ltd.']"
AlliedEsportsEntertainmentInc_20190815_8-K_EX-10.19_11788293_EX-10.19_Content License Agreement.pdf,"['WPT Enterprises, Inc.', 'ZYNGA INC.', 'ZYNGA GAME IRELAND LIMITED']"
DataCallTechnologies_20060918_SB-2A_EX-10.9_944510_EX-10.9_Content License Agreement.pdf,"['Data Call Technologies, Inc', 'PLAN_B MEDIA AG']"
GlobalTechnologiesGroupInc_20050928_10KSB_EX-10.9_4148808_EX-10.9_Content License Agreement.pdf,"['Global Music International, Inc. d/b/a Independent Music Network', 'MobileVision Communications, Ltd.']"
IdeanomicsInc_20151124_8-K_EX-10.2_9354744_EX-10.2_Content License Agreement.pdf,"['Beijing Sun Seven Stars Culture Development Limited', 'YOU ON DEMAND HOLDINGS, INC']"
MidwestEnergyEmissionsCorp_20080604_8-K_EX-10.2_3093976_EX-10.2_Content License Agreement.pdf,"['Digicorp, Inc.', 'New China Media LLC', 'YGP, LLC', 'TWK Holdings, LLC.']"
PacificapEntertainmentHoldingsInc_20051115_8-KA_EX-1.01_4300894_EX-1.01_Content License Agreement.pdf,"['PACIFICAP ENTERTAINMENT', 'THE HENRY FILM AND ENTERTAINMENT CORPORATION']"
PhoenixNewMediaLtd_20110421_F-1_EX-10.17_6958322_EX-10.17_Content License Agreement.pdf,"['Phoenix Satellite Television Company Limited', 'Beijing Tianying Jiuzhou Network Technology Co., Ltd']"
RemarkHoldingsInc_20081114_10-Q_EX-10.24_2895649_EX-10.24_Content License Agreement.pdf,"['World Book, Inc.', 'HSW International, Inc.']"
WatchitMediaInc_20061201_8-K_EX-10.1_4148672_EX-10.1_Content License Agreement.pdf,"['Watchit Media', 'Oceanic Time Warner Cable']"
XinhuaSportsEntertainmentLtd_20070221_F-1_EX-99.4_645553_EX-99.4_Content License Agreement.pdf,"['CHINA ECONOMIC INFORMATION SERVICE OF XINHUA NEWS AGENCY', 'XINHUA FINANCIAL NETWORK LIMITED']"
WebmdHealthCorp_20050908_S-1A_EX-10.7_1027007_EX-10.7_Content License Agreement.pdf,"['Emdeon Corporation', 'WebMD, Inc.']"
ScansourceInc_20190509_10-Q_EX-10.2_11661422_EX-10.2_Distributor Agreement.pdf,"['Zebra Technologies International, LLC , Zebra Technologies do Brasil - Comércio de Produtos de Informåtica Ltda., Xplore Technologies Corporation of America ,', 'ScanSource, Inc. , ScanSource Latin America, Inc. , ScanSource Brazil Distribuidora de Technologias, Ltda. ""ScanSource Brazil""), SCANSOURCE DE MEXICO S. DE R.L. DE C.V.  ,']"
ScansourceInc_20190822_10-K_EX-10.39_11793959_EX-10.39_Distributor Agreement.pdf,"['Cisco Systems, Inc.', 'ScanSource, Inc.']"
PrecheckHealthServicesInc_20200320_8-K_EX-99.2_12070169_EX-99.2_Distributor Agreement.pdf,"['Co-Diagnostics, Inc.', 'PreCheck Health Services, Inc.']"
SmartRxSystemsInc_20180914_1-A_EX1A-6 MAT CTRCT_11351705_EX1A-6 MAT CTRCT_Distributor Agreement.pdf,"['SMART RX SYSTEMS, INC.', 'A3 DEVELOPMENT GROUP, LLC']"
StaarSurgicalCompany_20180801_10-Q_EX-10.37_11289449_EX-10.37_Distributor Agreement.pdf,"['STARAR SURGICAL AG', 'Distributor']"
ZogenixInc_20190509_10-Q_EX-10.2_11663313_EX-10.2_Distributor Agreement.pdf,"['ZOGENIX, INC.', 'Nippon Shinyaku Company, Ltd.']"
ArmstrongFlooringInc_20190107_8-K_EX-10.2_11471795_EX-10.2_Intellectual Property Agreement.pdf,"['Armstrong Flooring, Inc.', 'AFI Licensing LLC,', 'AHF Holding, Inc.', 'Armstrong Hardwood Flooring Company']"
GluMobileInc_20070319_S-1A_EX-10.09_436630_EX-10.09_Content License Agreement1.pdf,"['Twentieth Century Fox Licensing & Merchandising', 'Sorrent, Inc']"
GluMobileInc_20070319_S-1A_EX-10.09_436630_EX-10.09_Content License Agreement2.pdf,"['Fox Mobile Entertainment', 'Glu Mobile, Inc. f/k/a Sorrent, Inc.']"
GluMobileInc_20070319_S-1A_EX-10.09_436630_EX-10.09_Content License Agreement3.pdf,"['Fox Mobile Entertainment, Inc.', 'Glu Mobile, Inc. f/k/a Sorrent, Inc.']"
GluMobileInc_20070319_S-1A_EX-10.09_436630_EX-10.09_Content License Agreement4.pdf,"['Fox Mobile Entertainment, Inc.', 'Glu Mobile Inc.']"
LejuHoldingsLtd_20140121_DRS (on F-1)_EX-10.26_8473102_EX-10.26_Content License Agreement1.pdf,"['Beijing SINA Internet Information Service Co., Ltd', 'Beijing Yisheng Leju Information Services Co., Ltd']"
LejuHoldingsLtd_20140121_DRS (on F-1)_EX-10.26_8473102_EX-10.26_Content License Agreement2.pdf,"['Beijing SINA Internet Information Service Co.', 'Shanghai SINA Leju Information Technology Co. Ltd.']"
PapaJohnsInternationalInc_20190617_8-K_EX-10.1_11707365_EX-10.1_Endorsement Agreement.pdf,"['ABG-Shaq, LLC', ""Papa John's Marketing Fund, Inc"", ""Papa John's International, Inc""]"
PfHospitalityGroupInc_20150923_10-12G_EX-10.1_9266710_EX-10.1_Franchise Agreement3.pdf,"['[]', '[]']"
PfHospitalityGroupInc_20150923_10-12G_EX-10.1_9266710_EX-10.1_Franchise Agreement1.pdf,"['Pizza Fusion Holding, Inc.', 'the individual or legal entity identified on the cover page']"
PlayboyEnterprisesInc_20090220_10-QA_EX-10.2_4091580_EX-10.2_Content License Agreement_ Marketing Agreement_ Sales-Purchase Agreement1.pdf,"['eFashion Solutions LLC', 'Playboy.com, Inc.']"
PlayboyEnterprisesInc_20090220_10-QA_EX-10.2_4091580_EX-10.2_Content License Agreement_ Marketing Agreement_ Sales-Purchase Agreement2.pdf,"['Playboy.com, Inc.', 'Supplier']"
ScansourceInc_20190822_10-K_EX-10.38_11793958_EX-10.38_Distributor Agreement1.pdf,"['ScanSource, Inc.', 'Cisco Systems, Inc.']"
ScansourceInc_20190822_10-K_EX-10.38_11793958_EX-10.38_Distributor Agreement2.pdf,"['Customer', 'Cisco Systems, Inc. or its subsidiaries licensing the Software instead of Cisco Systems', 'Customer']"
PelicanDeliversInc_20200211_S-1_EX-10.3_11975895_EX-10.3_Development Agreement2.pdf,"['DOT COM LLC', 'Pelican Delivers Inc.']"
PelicanDeliversInc_20200211_S-1_EX-10.3_11975895_EX-10.3_Development Agreement1.pdf,"['SEATTLE SOFTWARE DEVELOPERS, Inc.', 'PELICAN DELIVERS INC.']"
BellringBrandsInc_20190920_S-1_EX-10.12_11817081_EX-10.12_Manufacturing Agreement1.pdf,"['Stremicks Heritage Foods, LLC', 'PREMIER NUTRITION CORPORATION']"
BellringBrandsInc_20190920_S-1_EX-10.12_11817081_EX-10.12_Manufacturing Agreement2.pdf,"[""Stremick's Heritage Foods, LLC"", 'Premier Nutrition Corporation']"
BellringBrandsInc_20190920_S-1_EX-10.12_11817081_EX-10.12_Manufacturing Agreement4.pdf,"['Stremicks Heritage Foods, LLC', 'Premier Nutrition Corporation']"
BellringBrandsInc_20190920_S-1_EX-10.12_11817081_EX-10.12_Manufacturing Agreement3.pdf,"[""Stremick's Heritage Foods, LLC"", 'Premier Nutrition Corporation', 'Heritage and Premier']"
SLINGERBAGINC_05_27_2020-EX-10.7-CONSULTING AGREEMENT.PDF,"['Slinger Bag Inc.', 'Aitan Zacharin']"
"KIROMICBIOPHARMA,INC_05_11_2020-EX-10.23-CONSULTING AGREEMENT.PDF","['Kriomic, Inc', 'Gianluca Rotino']"
SPHERE3DCORP_06_24_2020-EX-10.12-CONSULTING AGREEMENT.PDF,"['GROUPE PARAMEUS CORP', 'Sphere 3D Corp.']"
GLOBALTECHNOLOGIESLTD_06_08_2020-EX-10.16-CONSULTING AGREEMENT.PDF,"['Global Technologies, Ltd', 'Timothy Cabrera', 'Company and Consultant']"
EMERALDHEALTHTHERAPEUTICSINC_06_10_2020-EX-4.5-CONSULTING AGREEMENT - DR. GAETANO MORELLO N.D. INC..PDF,"['EMERALD HEALTH NATURALS, INC', 'DR. GAETANO MORELLO N.D. INC']"
"MEDALISTDIVERSIFIEDREIT,INC_05_18_2020-EX-10.1-CONSULTING AGREEMENT.PDF","['Gunston Consulting, LLC', 'Medalist Diversified REIT, Inc.', 'CONSULTANT and Company']"
"DRIVENDELIVERIES,INC_05_22_2020-EX-10.4-CONSULTING AGREEMENT.PDF","['Driven Deliveries, Inc', 'TruckThat LLC', 'Company and Consultant']"
"ADUROBIOTECH,INC_06_02_2020-EX-10.7-CONSULTING AGREEMENT.PDF","['Aduro Biotech, Inc', 'IREYA B.V']"
PANDIONTHERAPEUTICSHOLDCOLLC_05_22_2020-EX-10.17-CONSULTING AGREEMENT.PDF,"['Immunotolerance, Inc.', 'Alan Crane']"
"CORALGOLDRESOURCES,LTD_05_28_2020-EX-4.1-CONSULTING AGREEMENT.PDF","['CORAL GOLD RESOURCED LTD.', 'INTERMARK CAPITAL CORP.']"
MRSFIELDSORIGINALCOOKIESINC_01_29_1998-EX-10-FRANCHISE AGREEMENT.PDF,"['Pretzel Time, Inc. doing business as Pretzel Time', 'Franchisee']"
"ADUROBIOTECH,INC_06_02_2020-EX-10.7-CONSULTING AGREEMENT(1).PDF","['Aduro Biotech, Inc.', 'IREYA B.V']"
CENTRACKINTERNATIONALINC_10_29_1999-EX-10.3-WEB SITE HOSTING AGREEMENT.PDF,"['Centrack International Inc.', 'i-on interactive Inc.']"
WEBHELPCOMINC_03_22_2000-EX-10.8-HOSTING AGREEMENT.PDF,"['eGain Communications Corporation', 'Eliance Corporation']"
BANGIINC_05_25_2005-EX-10-Premium Managed Hosting Agreement.PDF,"['AstroNutrition.com', 'deep systems']"
DYNTEKINC_07_30_1999-EX-10-ONLINE HOSTING AGREEMENT.PDF,"['Diplomat Direct Marketing Corporation', 'Tadeo E-Commerce Corp.']"
REGANHOLDINGCORP_03_31_2008-EX-10-LICENSE AND HOSTING AGREEMENT.PDF,"['Transaction Applications Group, Inc.', 'Legacy Marketing Group, Inc.']"
BUFFALOWILDWINGSINC_06_05_1998-EX-10.3-FRANCHISE AGREEMENT.PDF,"['BW-3 FRANCHISE SYSTEMS, INC.', 'Franchisee']"
BONTONSTORESINC_04_20_2018-EX-99.3-AGENCY AGREEMENT.PDF,"['The Bon-Ton Stores, Inc. and its associated chapter 11 debtors inpossession', 'GA Retail, Inc.', 'Tiger Capital Group, LLC', 'Wilmington Savings Fund Society, FSB', 'Purchaser and Merchant']"
"ATHENSBANCSHARESCORP_11_02_2009-EX-1.2-AGENCY AGREEMENT , 2009.PDF","['Athens Bancshares Corporation', 'Athens Federal Community Bank', 'Keefe, bruyette & Woods, Inc.']"
"XACCT Technologies, Inc.SUPPORT AND MAINTENANCE AGREEMENT.PDF","['XACCT Technologies, Inc.', '[]']"
WELLSFARGOMORTGAGEBACKEDSECURITIES2006-6TRUST_05_11_2006-EX-10.3-Yield Maintenance Agreement.PDF,"['Wells Fargo Bank on behalf of Wells Fargo Mortgage Backed Securities 2006-6 Trust', 'UBS AG']"
NETZEEINC_11_14_2002-EX-10.3-MAINTENANCE AGREEMENT.PDF,"['Netzee, inc.', 'The Bankers Bank']"
IMAGEWARESYSTEMSINC_12_20_1999-EX-10.22-MAINTENANCE AGREEMENT.PDF,"['SAGEM S.A.', 'XIMAGE corporation']"
ABILITYINC_06_15_2020-EX-4.25-SERVICES AGREEMENT.PDF,"['[ * * * ]', 'TELCOSTAR PTE, LTD.', 'Ability Computer & Software Industries Ltd', 'TELCOSTAR PTE, LTD. and Ability Computer & Software Industries Ltd', 'Each of the foregoing parties is referred to herein as a “Party” and together as the “Parties”.']"
AULAMERICANUNITTRUST_04_24_2020-EX-99.8.77-SERVICING AGREEMENT.PDF,"['Nationwide Fund Management LLC', 'American United Life Insurance Company and OneAmerica Securities, Inc.']"
CUROGROUPHOLDINGSCORP_05_04_2020-EX-10.3-SERVICING AGREEMENT.PDF,"['CURO RECEIVABLES FINANCE II, LLC', 'CURO MANAGEMENT, LLC']"
BLACKSTONEGSOLONG-SHORTCREDITINCOMEFUND_05_11_2020-EX-99.(K)(1)-SERVICE AGREEMENT.PDF,"['Blackstone / GSO Long-Short Credit Income Fund', 'Mellon Investor Services LLC operating with the service name BNY Mellon Shareowner Services']"
"OAKTREECAPITALGROUP,LLC_03_02_2020-EX-10.8-Services Agreement.PDF","['Oaktree Capital Management. L.P.', 'Oaktree Capital Management  Limited']"
"PAXMEDICA,INC_07_02_2020-EX-10.12-Master Service Agreement.PDF","['CRO Consultiong  Limited', 'Purinis Pharmaceuticals LLC']"
MERITLIFEINSURANCECO_06_19_2020-EX-10.(XIV)-MASTER SERVICES AGREEMENT.PDF,"['Clear Capital', 'Radial Spark, LLC']"
PFSFUNDS_06_26_2020-EX-99.H OTH MAT CONT-SERVICES AGREEMENT.PDF,"['PFS Funds', 'Potomac Fund Management, Inc.']"
SCOUTCAMINC_05_12_2020-EX-10.22-SERVICES AGREEMENT.PDF,"['Idan Maimon', 'Intellisense Solutions Inc.']"
TALCOTTRESOLUTIONLIFEINSURANCECO-SEPARATEACCOUNTTWELVE_04_30_2020-EX-99.8(L)-SERVICE AGREEMENT.PDF,"['The Victory Portfolios', 'Hartford Life Insurance Co., Inc.']"
TRANSMONTAIGNEPARTNERSLLC_03_13_2020-EX-10.9-SERVICES AGREEMENT.PDF,"['TransMontaigne Management Company, LLC', 'TLP Management Services, LLC']"
WPPPLC_04_30_2020-EX-4.28-SERVICE AGREEMENT.PDF,"['WPP 2005 LIMITED', 'JOHN ROGERS']"
BICYCLETHERAPEUTICSPLC_03_10_2020-EX-10.11-SERVICE AGREEMENT.PDF,"['BICYCLETX LIMITED', 'NIGEL CROCKETT']"
NYLIACVARIABLEANNUITYSEPARATEACCOUNTIII_04_10_2020-EX-99.8.KK-SERVICE AGREEMENT.PDF,"['Fidelity Investments Institutional Operations Company, Inc.', 'New York Life Insurance and Annuity Corporation']"
RISEEDUCATIONCAYMANLTD_04_17_2020-EX-4.23-SERVICE AGREEMENT.PDF,"['Rise  Education Information Consulting Co., Ltd.', '[*]']"
OPERALTD_04_30_2020-EX-4.14-SERVICE AGREEMENT.PDF,"['PC Financial Services Private Limited', 'Mobimagic Co., Ltd.']"
"SOLUTIONSVENDINGINTERNATIONAL,INC_03_31_2020-EX1A-1 UNDR AGMT-SERVICES AGREEMENT.PDF","['StartEngine Crowdfunding, Inc.', 'Solutions Vending International, Inc']"
"THERAVANCEBIOPHARMA,INC_05_08_2020-EX-10.2-SERVICE AGREEMENT.PDF","['Theravance Biopharma UK Limited', 'Brett Haumann']"
DOMINIADVISORTRUST_02_18_2005-EX-99.(H)(2)-SPONSORSHIP AGREEMENT.PDF,"['Domini Advisor Trust', 'Domini Social Investments LLC']"
"CANOPETROLEUM,INC_12_13_2007-EX-10.1-Sponsorship Agreement.PDF","['R. C. Boyd Enterprises, LLC', 'Cano Petroleum, Inc.']"
"HALITRON,INC_03_01_2005-EX-10.15-SPONSORSHIP AND DEVELOPMENT AGREEMENT.PDF","['TEKNIK DIGITAL ARTS INC.', 'RICK SMITH ENTERPRISES']"
GAINSCOINC_01_21_2010-EX-10.41-SPONSORSHIP AGREEMENT.PDF,"['Stallings Capital Group  Consultants, Ltd.', 'GAINSCO, INC.']"
"IPAYMENT,INC_05_14_2007-EX-10.1-SPONSORSHIP AGREEMENT.PDF","['iPayment, Inc.', 'First Data Merchant Services Corporation', 'Wells Fargo Bank, N.A.']"
LOOKSMARTLTD_07_20_2012-EX-99.(D)(I)-SPONSORSHIP AGREEMENT.PDF,"['PEEK Investments LLC', 'Platinum Partners Value Arbitrage Fund L.P', 'Snowy August Fund ILP']"
STAMPSCOMINC_06_24_1999-EX-10.18-SPONSORSHIP AGREEMENT.PDF,"['Intuit Inc.', 'Stamps.com Inc.']"
VIOLINMEMORYINC_12_12_2012-EX-10.14-SPONSORSHIP AGREEMENT.PDF,"['Forty Niners SC Stadium Company LLC', 'Violin Memory, Inc.', 'Forty Niners SC and Sponsor']"
XYBERNAUTCORP_07_12_2002-EX-4-SPONSORSHIP AGREEMENT.PDF,"['XYBERNAUT CORPORATION', 'ALEX JOB RACING, INC.']"
"CURAEGISTECHNOLOGIES,INC_05_26_2010-EX-1-CORPORATE SPONSORSHIP AGREEMENT.PDF","['Phoenix Performance, LLC', 'Torevic Inc.']"
DRKOOPCOMINC_04_21_1999-EX-10.28-SPONSORSHIP AGREEMENT.PDF,"['drkoop.com, inc.""drkoop.com""', 'Vitamin Shoppe Industries, Inc. ""Sponsor""']"
GSVINC_05_15_1998-EX-10-SPONSORSHIP AGREEMENT.PDF,"['Excite, Inc.""Excite""', 'CyberShop ""Client""']"
IVILLAGEINC_03_17_1999-EX-10.16-SPONSORSHIP AGREEMENT.PDF,"['J. Walter Thompson', 'iVillage, Inc.']"
LOGANSROADHOUSEINC_03_27_1998-EX-10.17-SPONSORSHIP AGREEMENT.PDF,"['Southern Racing Promotions, Inc.', ""Logan's Roadhouse, Inc.""]"
MERCATAINC_03_09_2000-EX-10.21-SPONSORSHIP AGREEMENT.PDF,"['Football Northwest LLC,', 'Mercata, Inc.,']"
HYDRONTECHNOLOGIESINC_03_31_1997-EX-10.47-SPONSORSHIP AGREEMENT.PDF,"['HYDRON TECHNOLOGIES, INC.', 'MIAMI DOLPHINS, LTD.']"
N2KINC_10_16_1997-EX-10.16-SPONSORSHIP AGREEMENT.PDF,"['Excite, Inc.', 'N2K, Inc.']"
"XLITECHNOLOGIES,INC_12_11_2015-EX-10.1-Sponsorship Agreement.PDF","['RMF Empire, In. DBA West Coast Customs', 'Bosch International, LLC / XLI Technologies, Inc.']"
VITAMINSHOPPECOMINC_09_13_1999-EX-10.26-SPONSORSHIP AGREEMENT.PDF,"['Excite, Inc.', 'Vitamin Shoppe Industries Inc.']"
ASPIRITYHOLDINGSLLC_05_07_2012-EX-10.6-OUTSOURCING AGREEMENT.PDF,"['Twin Cities Power Holdings, LLC', 'Redwater LLC']"
BNLFINANCIALCORP_03_30_2007-EX-10.8-OUTSOURCING AGREEMENT.PDF,"['Virtual Item Processing Systems, Inc.', 'Brokers National Life Assurance Company']"
CCAINDUSTRIESINC_04_14_2014-EX-10.1-OUTSOURCING AGREEMENT.PDF,"['CCA Industries, Inc.', 'Emerson HealthCare, LLC']"
ELANDIAINTERNATIONALINC_04_25_2007-EX-10.21-Outsourcing Agreement.PDF,['DATEC  LIMITED )']
NICELTD_06_26_2003-EX-4.5-OUTSOURCING AGREEMENT.PDF,"['Nice Systems Ltc.', 'Flextronics Israel Ltd.']"
SYKESHEALTHPLANSERVICESINC_04_24_1998-EX-10.14-OUTSOURCING AGREEMENT.PDF,"['Sykes HealthPlan Services, Inc.', 'HealthPlan Services, Inc.']"
TRICITYBANKSHARESCORP_05_15_1998-EX-10-OUTSOURCING AGREEMENT.PDF,"['Tri City National Bank', 'Marshall & Ilsley Corporation']"
OFGBANCORP_03_28_2007-EX-10.23-OUTSOURCING AGREEMENT.PDF,"['Oriental Financial Group Inc.', 'Melavante Corporation']"
DRAGONSYSTEMSINC_01_08_1999-EX-10.17-OUTSOURCING AGREEMENT.PDF,['Modus Media International']
HUBEIMINKANGPHARMACEUTICALLTD_09_19_2006-EX-10.1-OUTSOURCING AGREEMENT.PDF,['Dolphin Industries Limited']
MANUFACTURERSSERVICESLTD_06_05_2000-EX-10.14-OUTSOURCING AGREEMENT.PDF,"[""Manufacturers' Services Western US Operations, Inc. )""]"
NEXSTARFINANCEHOLDINGSINC_03_27_2002-EX-10.26-OUTSOURCING AGREEMENT.PDF,"['WYZZ, Inc. and WYZZ Licensee, Inc.', 'Peoria, L.L.C.']"
"OASYSMOBILE,INC_07_05_2001-EX-10.17-OUTSOURCING AGREEMENT.PDF","['E.PIPHANY, INC.', 'HIGH SPEED NET SOLUTIONS, INC.']"
"UNITEDNATIONALBANCORP_03_03_1999-EX-99-Outsourcing Agreement with the BISYS Group, Inc..PDF","['United National Bancorp', 'United National Bank', 'BISYS Group, Inc.']"
ASIANDRAGONGROUPINC_08_11_2005-EX-10.5-Reseller Agreement.PDF,"['695014 B.C. Ltd. dba Galaxy Telecom', 'Galaxy Telnet SRL']"
LOYALTYPOINTINC_11_16_2004-EX-10.2-RESELLER AGREEMENT.PDF,"['American Express Incentive Services, L.L.C.', 'Schoolpop, Inc.']"
MTITECHNOLOGYCORP_11_16_2004-EX-10.102-Reseller Agreement Premier Addendum.PDF,"['McDATA Corporation', 'MTI Technology Corporation']"
"OMINTO,INC_03_29_2004-EX-10-RESELLER AGREEMENT.PDF","['MediaNet Group Technologies, Inc.', 'International Direct Response, Inc.']"
AzulSa_20170303_F-1A_EX-10.3_9943903_EX-10.3_Maintenance Agreement2.pdf,"['AZUL LINHAS AÉREAS BRASILEIRAS S/A', 'AVIONS DE TRANSPORT REGIONAL, G.I.E.', 'AZUL LINHAS AÉREAS BRASILEIRAS and AVIONS DE TRANSPORT REGIONAL, G.I.E.']"
AzulSa_20170303_F-1A_EX-10.3_9943903_EX-10.3_Maintenance Agreement1.pdf,"['AZUL LINHAS AÉREAS BRASILEIRAS S/A', 'AVIONS DE TRANSPORT REGIONAL, G.I.E.', 'AZUL LINHAS AÉREAS BRASILEIRAS and AVIONS DE TRANSPORT REGIONAL, G.I.E.']"
CardlyticsInc_20180112_S-1_EX-10.16_11002987_EX-10.16_Maintenance Agreement2.pdf,"['Bank of America, N.A.', 'Supplier']"
CardlyticsInc_20180112_S-1_EX-10.16_11002987_EX-10.16_Maintenance Agreement3.pdf,"['Cardlytics, Inc.', 'Bank of America, N.A']"
CardlyticsInc_20180112_S-1_EX-10.16_11002987_EX-10.16_Maintenance Agreement4.pdf,"['Bank of America, N.A.', 'Cardlytics,']"
CardlyticsInc_20180112_S-1_EX-10.16_11002987_EX-10.16_Maintenance Agreement1.pdf,"['Cardlytics, Inc.', 'Bank of America, N.A.']"
OLDAPIWIND-DOWNLTD_01_08_2016-EX-1.3-AGENCY AGREEMENT1.pdf,"['Dundee Securities Ltd.', 'Kes 7 Capital Inc. and Bloom Burton & Co. Ltd.', 'Tribute Pharmaceuticals Canada Inc.']"
OLDAPIWIND-DOWNLTD_01_08_2016-EX-1.3-AGENCY AGREEMENT2.pdf,"['Tribute Pharmaceuticals Inc.', '[]', '[]', 'U.S. registered broker-dealer affiliate of the Agent']"
MEDIWOUNDLTD_01_15_2014-EX-10.6-SUPPLY AGREEMENT.PDF,"['MediWound Ltd.', 'Challenge Bioproducts Corporation Ltd.']"
SEASPINEHOLDINGSCORP_10_10_2018-EX-10.1-SUPPLY AGREEMENT.PDF,"['Integra LifeSciences Corporation', 'PcoMed, LLC']"
PROFOUNDMEDICALCORP_08_29_2019-EX-4.5-SUPPLY AGREEMENT.PDF,"['Profound Medical Inc.', 'Philips Medical Systems Nederland B.V.']"
"GRIDIRONBIONUTRIENTS,INC_02_05_2020-EX-10.3-SUPPLY AGREEMENT.PDF","['EWSD 1, LLC, d/b/a SHI FARMS', 'Gridiron BioNutrients', 'EWSD 1, LLC, d/b/a SHI FARMS and Gridiron BioNutrients']"
"BELLICUMPHARMACEUTICALS,INC_05_07_2019-EX-10.1-Supply Agreement.PDF","['Miltenyi Biotec GmbH', 'Bellicum Phamaceuticals, Inc.', 'Miltenyi and Bellicum']"
FLOTEKINDUSTRIESINCCN_05_09_2019-EX-10.1-SUPPLY AGREEMENT.PDF,"['Florida Chemical Company, LLC', 'Flotek Chemistry LLC']"
GRANTIERRAENERGYINC_05_07_2012-EX-10.6-TRANSPORTATION CONTRACT.PDF,"['SOLANA PETROLEUM EXPLORATION  COLOMBIA LIMITED', 'ECOPETROL S.A.']"
ATMOSENERGYCORP_11_22_2002-EX-10.17-TRANSPORTATION SERVICE AGREEMENT.PDF,"['Arkansas Western Pipeline Company', 'Associated Natural Gas Company']"
DYNAMEXINC_06_06_1996-EX-10.4-TRANSPORTATION SERVICES AGREEMENT.PDF,"['Purolator Courier Ltd.', 'Parcelway Courier Systems Canada Ltd. a subsidiary of Dynamex Inc.']"
MPLXLP_06_17_2015-EX-10.1-TRANSPORTATION SERVICES AGREEMENT.PDF,"['Marathon Petroleum Company LP', 'Marathon Pipe Line LLC', 'Marathon Petroleum Company LP and Marathon Pipe Line LLC']"
CHAPARRALRESOURCESINC_03_30_2000-EX-10.66-TRANSPORTATION CONTRACT.PDF,"['JSC NOC KazakhOil', 'JSC Karakudukmunay', 'collectively referred to as ""Parties""']"
KENTUCKYUTILITIESCO_03_25_2003-EX-10.65-TRANSPORTATION AGREEMENT.PDF,"['TENNESSEE GAS PIPELINE COMPANY', 'LOUISVILLE GAS AND ELECTRIC COMPANY', 'Transporter and Shipper shall collectively be referred to herein as the ""Parties"".']"
MACROGENICSINC_08_02_2013-EX-10-COLLABORATION AGREEMENT.PDF,"['MacroGenics, Inc.', 'Green Cross Corp.', 'MacroGenics and Green Cross']"
CHINARECYCLINGENERGYCORP_11_14_2013-EX-10.6-Cooperation Agreement.PDF,"[""Xi'an Zhonghong New Energy Technology Co., Ltd."", 'Boxing County Chengli Gas Supply Co., Ltd.']"
IDREAMSKYTECHNOLOGYLTD_07_03_2014-EX-10.39-Cooperation Agreement on Mobile Game Business.PDF,"['Dazzle Interactive Network Technologies Co., Ltd.', 'Shenzhen iDreamSky Technology Co., Ltd.']"
TUNIUCORP_03_06_2014-EX-10-COOPERATION AGREEMENT.PDF,"['Nanjing Tuniu Technology Co., Ltd.', 'Beijing Tuniu Technology Co., Ltd.']"
SENMIAOTECHNOLOGYLTD_02_19_2019-EX-10.5-Collaboration Agreement.PDF,"['Didi Chuxing Technology Co., Ltd.', 'Hunan Ruixi Financial Leasing Co., Ltd', 'Party A and Party B']"
"BERKELEYLIGHTS,INC_06_26_2020-EX-10.12-COLLABORATION AGREEMENT.PDF","['Ginkgo Bioworks, Inc.', 'Berkely Lights, Inc.', 'Gingko and BLI']"
PREMIERBIOMEDICALINC_05_14_2020-EX-10.2-INTELLECTUAL PROPERTY AGREEMENT.PDF,"['Marv Enterprises, LLC', 'Premier Biomedical, Inc.', 'Technology Health, Inc.']"
"MIDDLEBROOKPHARMACEUTICALS,INC_03_18_2010-EX-10.1-PROMOTION AGREEMENT.PDF","['MiddleBrook Pharmaceuticals, Inc.', 'DoctorDirectory.com, Inc']"
"ASHWORTHINC_01_29_1999-EX-10.(D)-PROMOTION AGREEMENT AND NANTZ COMMUNICATIONS, INC..PDF","['ASHWORTH, INC.', 'JAMES W. NANTZ III', 'NANTZ COMMUNICATIONS, INC.']"
ON4COMMUNICATIONSINC_07_02_2009-EX-10.1-PROMOTION AGREEMENT.PDF,"['Charity Tunes Inc.', 'ConAgra Foods Canada  Inc.']"
"WHITESMOKE,INC_11_08_2011-EX-10.26-PROMOTION AND DISTRIBUTION AGREEMENT.PDF","['Whitesmoke Inc.', 'Google Inc']"
GOCALLINC_03_30_2000-EX-10.7-Promotion Agreement.PDF,"['Go Call, Inc.', 'PageMaster Corporation']"
QBIOMEDINC_04_08_2020-EX-99.1-JOINT FILING AGREEMENT.PDF,"['YA II PN, Ltd.', 'YA Global Investments II , Ltd.', 'Yorkville Advisors Global, LP', 'Yorkville Advisors Global II, LLC', 'YAII GP, LP', 'Yorkville Advisors GP, LLC', 'D-Beta One EQ, Ltd.', 'D-Beta One Blocker EQ, Ltd.', 'D-Beta One Growth and Opportunity Fund Offshore, LP', 'D-Beta One GP, LLC', 'Delta Beta Advisors, LP']"
ACCELERATEDTECHNOLOGIESHOLDINGCORP_04_24_2003-EX-10.13-JOINT VENTURE AGREEMENT.PDF,"['Collectible Concepts Group, Inc.', 'Pivotal Self Service Tech, Inc.']"
"MFAFINANCIAL,INC_07_06_2020-EX-99.D-JOINT FILING AGREEMENT.PDF","['ATHENE ANNUITY AND LIFE COMPANY', 'ATHENE ANNUITY & LIFE ASSURANCE COMPANY', 'ATHENE USA CORPORATION', 'ATHENE LIFE RE LTD.', 'ATHENE HOLDING LTD.', 'APOLLO INSURANCE SOLUTIONS GROUP LP', 'AISG GP LTD.', 'APOLLO LIFE ASSET, L.P.', 'APOLLO LIFE ASSET GP, LLC.', 'APOLLO CAPITAL MANAGEMENT, L.P.', 'APOLLO CAPITAL MANAGEMENT GP, LLC', 'APOLLO MANAGEMENT HOLDINGS, L.P.', 'APOLLO MANAGEMENT HOLDINGS GP, LLC', 'OMAHA EQUITY AGGREGATOR, L.P.', 'AP OMAHA ADVISORS, LLC', 'APOLLO HYBRID VALUE ADVISORS, L.P.', 'APOLLO HYBRID VALUE CAPITAL MANAGEMENT, LLC', 'APH HOLDINGS, L.P.', 'APOLLO PRINCIPAL HOLDINGS III GP, LTD.']"
"TALLGRASSENERGY,LP_02_20_2020-EX-99.26-JOINT FILING AGREEMENT.PDF","['PRAIRIE ECI ACQUIROR LP', 'PRAIRIE NON-ECI ACQUIROR LP', 'PRAIRIE VCOC ACQUIROR LP', 'PRAIRIE SECONDARY ACQUIROR LP', 'PRAIRIE SECONDARY ACQUIROR E LP', 'BIP HOLDINGS MANAGER L.L.C.', 'BLACKSTONE INFRASTRUCTURE ASSOCIATES L.P.', 'BIA GP L.P.', 'BIA GP L.L.C.', 'BLACKSTONE HOLDINGS III L.P.']"
"GALERATHERAPEUTICS,INC_02_14_2020-EX-99.A-JOINT FILING AGREEMENT.PDF","['CLARUS IV-A, L.P.', 'CLARUS IV-B, L.P.', 'CLARUS IV-C, L.P.', 'CLARUS IV-D, L.P.', 'CLARUS IV GP, L.P.', 'BLACKSTONE CLARUS GP L.P.', 'BLACKSTONE CLARUS GP L.L.C.', 'BLACKSTONE HOLDINGS I/II GP L.L.C.', 'THE BLACKSTONE GROUP INC.', 'BLACKSTONE GROUP MANAGEMENT L.L.C.']"
CHIPMOSTECHNOLOGIESBERMUDALTD_04_18_2016-EX-4.72-Strategic Alliance Agreement.PDF,"['ChipMOS TECHNOLOGIES INC.', 'Tsinghua Unigroup Ltd.', 'ChipMOS and Tsinghua Unigroup shall collectively be referred to as the “Parties”']"
"SIBANNAC,INC_12_04_2017-EX-2.1-Strategic Alliance Agreement.PDF","['Bravatek Solutions', 'Sibannac Inc.']"
PLAYAHOTELS&RESORTSNV_03_14_2017-EX-10.22-STRATEGIC ALLIANCE AGREEMENT (Hyatt Ziva Cancun).PDF,"['Hyatt Franchising Latin America, L.L.C.', 'Playa Hotels & Resorts, B.V.', 'Hyatt and Playa']"
ALLISONTRANSMISSIONHOLDINGSINC_12_15_2014-EX-99.1-COOPERATION AGREEMENT.PDF,"['VA Partners I, LLC, ValueAct Capital Master Fund, L.P., ValueAct Capital Management, L.P., ValueAct Capital Management, LLC, ValueAct Holdings, L.P.', 'Allison Transmission Holdings, Inc.', 'Gregory P. Spivy']"
XENCORINC_10_25_2013-EX-10.24-COLLABORATION AGREEMENT (3).PDF,"['Xencor, Inc', 'Boehringer Ingelheim International GmbH', 'BII and XENCOR']"
IMMUNOMEDICSINC_08_07_2019-EX-10.1-PROMOTION AGREEMENT.PDF,"['Janssen Biotech, Inc.', 'Immunomedics, Inc.']"
IGENEBIOTECHNOLOGYINC_05_13_2003-EX-1-JOINT VENTURE AGREEMENT.PDF,"['Tate & Lyle Fermentation Products Ltd.', 'Tate & Lyle PLC', 'Igene Biotechnology, Inc.']"
RMRGROUPINC_01_22_2020-EX-99.1-JOINT FILING AGREEMENT.PDF,"['ABP TRUST', 'ADAM D. PORTNOY']"
"MJBIOTECH,INC_12_06_2018-EX-99.01-JOINT VENTURE AGREEMENT.PDF","['MJ Syndicated, Inc.', 'SIMPLY HERBAL', 'individually and collectively ""JVP""']"
"ONEMAINHOLDINGS,INC_02_20_2020-EX-99.D-JOINT FILING AGREEMENT.PDF","['UNIFORM INVESTCO LP', 'UNIFORM INVESTCO GP LLC', 'THE VÄRDE FUND VI-A, L.P.', 'VÄRDE INVESTMENT PARTNERS, L.P.', 'VÄRDE INVESTMENT PARTNERS  MASTER, L.P.', 'VÄRDE INVESTMENT PARTNERS G.P., LLC', 'THE VÄRDE SKYWAY MASTER FUND, L.P.', 'THE VÄRDE SKYWAY FUND G.P., L.P.', 'THE VÄRDE SKYWAY FUND UGP, LLC', 'THE VÄRDE FUND XII , L.P.', 'THE VÄRDE FUND XII G.P., L.P.', 'THE VÄRDE FUND XII UGP, LLC', 'VÄRDE CREDIT PARTNERS MASTER, L.P.']"
"MACY'S,INC_05_11_2020-EX-99.4-JOINT FILING AGREEMENT.PDF","['VESA EQUITY INVESTMENT S.À R.L.', 'EP INVESTMENT S.À R.L.', 'DANIEL KŘETÍNSKÝ']"
BLACKROCKMUNIHOLDINGSINVESTMENTQUALITYFUND_04_07_2020-EX-99.01-JOINT FILING AGREEMENT.PDF,"['Bank of America Corporatino, Banc of America Preferred Funding Corporation']"
NELNETINC_04_08_2020-EX-1-JOINT FILING AGREEMENT.PDF,['Shelby J. Butterfield']
"VIRGINGALACTICHOLDINGS,INC_04_08_2020-EX-99.1-JOINT FILING STATEMENT.PDF","['SCULPTOR CAPITAL LP', 'SCULPTOR CAPITAL HOLDING CORPORATION', 'SCULPTOR MANAGEMENT, INC.', 'SCULPTOR MASTER FUND LTD']"
"PRECIGEN,INC_01_22_2020-EX-99.1-JOINT FILING AGREEMENT.PDF","['ARES TRADING SA', 'MERCK SERONO SA COINSINS, SWITZERLAND, AN AFFILIATE OF MERCK KGAA, DARMSTADT, GERMANY', 'MERCK KGAA DARMSTADT, GERMANY']"
"SPRINGBANKPHARMACEUTICALS,INC_04_08_2020-EX-99.A-JOINT FILING AGREEMENT.PDF","['UBS ONCOLOGY IMPACT FUND L.P.', 'ONCOLOGY IMPACT FUND  MANAGEMENT L.P.', 'MPM ONCOLOGY IMPACT MANAGEMENT LP', 'MPM ONCOLOGY IMPACT MANAGEMENT GP LLC']"
ATENTOSA_07_06_2020-EX-99.1-JOINT FILING AGREEMENT.PDF,"['HPS INVESTMENT PARTNERS, LCC', 'HPS MEZZANINE PARTNERS II, LLC', 'HPS MEZZANINE PARTNERS II OFFSHORE GP, L.P.', 'MEZZANINE PARTNERS - OFFSHORE INVESTMENT MASTER FUND II, L.P.', 'MEZZANINE PARTNERS II OFFSHORE LUX S.À R.L', 'MEZZANINE PARTNERS II OFFSHORE LUX S.À R.L II', 'HPS MEZZANINE PARTNERS II GP, L.P.', 'MEZZANINE PARTNERS II, L.P.', 'MEZZANINE PARTNERS II ONSHORE LUX S.À R.L', 'MEZZANINE PARTNERS II ONSHORE LUX S.À R.L II']"
CYBERIANOUTPOSTINC_07_09_1998-EX-10.13-PROMOTION AGREEMENT.PDF,"['CNET, Inc.', 'Cyberian Outpost, Inc.']"
KINGPHARMACEUTICALSINC_08_09_2006-EX-10.1-PROMOTION AGREEMENT.PDF,"['Depomed, Inc.', 'King Pharmaceuticals, Inc.', 'Depomed and King']"
"KNOWLABS,INC_08_15_2005-EX-10-INTELLECTUAL PROPERTY AGREEMENT.PDF","['Visualant Incorporated', 'Kenneth Turpin']"
INGEVITYCORP_05_16_2016-EX-10.5-INTELLECTUAL PROPERTY AGREEMENT.PDF,"['WestRock Company', 'Ingevity Corporation', 'SpinCo and Parent']"
"BABCOCK_WILCOXENTERPRISES,INC_08_04_2015-EX-10.17-INTELLECTUAL PROPERTY AGREEMENT between THE BABCOCK _ WILCOX COMPANY and BABCOCK _ WILCOX ENTERPRISES, INC..PDF","['The Babcock and Wilcox Company', 'Babcock and Wilcox Enterprises, Inc.', 'individually as a “Party,” and collectively as the “Parties”']"
PcquoteComInc_19990721_S-1A_EX-10.11_6377149_EX-10.11_Co-Branding Agreement2.pdf,"['PC Quote, Inc.', 'A.B. Watley, Inc.']"
PcquoteComInc_19990721_S-1A_EX-10.11_6377149_EX-10.11_Co-Branding Agreement3.pdf,"['PC QUOTE, INC.', 'A.B. Watley, Inc.']"
PcquoteComInc_19990721_S-1A_EX-10.11_6377149_EX-10.11_Co-Branding Agreement1.pdf,"['PC QUOTE, INC.', 'AB Wately, Inc. and all of its subsidiaries and related companies']"
SoupmanInc_20150814_8-K_EX-10.1_9230148_EX-10.1_Franchise Agreement2.pdf,"['Kiosk Concepts, Inc.']"
SoupmanInc_20150814_8-K_EX-10.1_9230148_EX-10.1_Franchise Agreement3.pdf,[]
SoupmanInc_20150814_8-K_EX-10.1_9230148_EX-10.1_Franchise Agreement1.pdf,"['Kiosk Concepts Inc.', 'The Grilled Cheese Truck, Inc.']"
SoupmanInc_20150814_8-K_EX-10.1_9230148_EX-10.1_Franchise Agreement4.pdf,"['KIOSK CONCEPTS, INC.', 'THE GRILLED CHEESE TRUCK, INC.']"
FEDERATEDGOVERNMENTINCOMESECURITIESINC_04_28_2020-EX-99.SERV AGREE-SERVICES AGREEMENT.PDF,"['FEDERATED INVESTMENT MANAGEMENT COMPANY', 'FEDERATED ADVISORY SERVICES COMPANY']"
FEDERATEDGOVERNMENTINCOMESECURITIESINC_04_28_2020-EX-99.SERV AGREE-SERVICES AGREEMENT_SECONDAMENDMENT.pdf,"['FEDERATED INVESTMENT MANAGEMENT COMPANY', 'FEDERATED ADVISORY SERVICES COMPANY']"
FEDERATEDGOVERNMENTINCOMESECURITIESINC_04_28_2020-EX-99.SERV AGREE-SERVICES AGREEMENT_POWEROF.pdf,"['FEDERATED INVESTMENT MANAGEMENT COMPANY', 'FEDERATED ADVISORY SERVICES COMPANY']"
FEDERATEDGOVERNMENTINCOMESECURITIESINC_04_28_2020-EX-99.SERV AGREE-SERVICES AGREEMENT_AMENDMENT.pdf,"['FEDERATED INVESTMENT MANAGEMENT COMPANY', 'FEDERATED ADVISORY SERVICES COMPANY']"
WESTERN COPPER - NON-COMPETITION AGREEMENT.PDF,"['Glamis Gold Ltd. and all of its subsidiaries and other Affiliates', 'Western Copper Corporation and all of its subsidiaries and other Affiliates']"
"INNOVIVA,INC_08_07_2014-EX-10.1-COLLABORATION AGREEMENT.PDF","['Theravance, Inc.', 'Glaxo Group Limited']"
"FOUNDATIONMEDICINE,INC_02_02_2015-EX-10.2-Collaboration Agreement.PDF","['F. Hoffmann-La Roche Ltd', 'Hoffmann-La Roche Inc.', 'Foundation Medicine, Inc.']"
"NOVOINTEGRATEDSCIENCES,INC_12_23_2019-EX-10.1-JOINT VENTURE AGREEMENT.PDF","['Novo Integrated Sciences Inc.', 'Harvest Gold Farms Inc.', 'NVOS and HGF']"
"TRANSPHORM,INC_02_14_2020-EX-10.12(1)-JOINT VENTURE AGREEMENT.PDF","['AizuFujitsu Semiconductor Limited', 'Fujitsu Semiconductor Limited', 'Transphorm, Inc.', 'AizuFujitsu Semiconductor Limited, Fujitsu Semiconductor Limited, Transphorm, Inc.']"
VALENCETECHNOLOGYINC_02_14_2003-EX-10-JOINT VENTURE CONTRACT.PDF,"['Baoding Fengfan Group Limited Liability Company', 'Valence Technology, Inc.']"
"VIVINT SOLAR, INC. - NON-COMPETITION AGREEMENT.PDF","['VIVINT SOLAR, INC.', 'VIVINT, INC.  Vivint Solar and Vivint']"
Quaker Chemical Corporation - NON COMPETITION AND NON SOLICITATION AGREEMENT.PDF,"['Quaker Chemical Corporation', 'Gulf Houghton Lubricants Ltd.', 'Gulf Oil International Limited', 'GOCL Corporation Limited', 'Gulf Oil Lubricants India, Ltd , solely for purposes of Section 1[Confidentiality', 'Non-competition', 'Non-solicitation]']"
MOELIS&CO_03_24_2014-EX-10.19-STRATEGIC ALLIANCE AGREEMENT.PDF,"['Sumitomo Mitsui Banking Corporation', 'SMBCNikko Securities Inc.', 'Moelis & Company Holdings LP', 'Moelis & Company Holdings GP LLC,', 'SMBC, Nikko, Moelis Holdings and Moelis General Partner']"
ENERGOUSCORP_03_16_2017-EX-10.24-STRATEGIC ALLIANCE AGREEMENT.PDF,"['Dialog Semiconductor  Ltd.', 'Energous Corporation']"
"BORROWMONEYCOM,INC_06_11_2020-EX-10.1-JOINT VENTURE AGREEMENT.PDF","['BorrowMoney.com, inc.', 'JVLS, LLC', 'BorrowMoney.com, inc.', 'JVLS, LLC']"
"VEONEER,INC_02_21_2020-EX-10.11-JOINT VENTURE AGREEMENT.PDF","['Veoneer AB', 'Veoneer US, Inc.', 'Nissin Kogyo Co., Ltd.', 'Nissin Kogyo Holdings USA, Inc.', 'Zhongshan Nissin Industry Co., Ltd.']"
"KIROMICBIOPHARMA,INC_04_08_2020-EX-10.28-JOINT VENTURE AGREEMENT.PDF","['KIROMIC BIOPHARMA Inc.', 'MOLIPHARMA S.R.L.']"
IMPCOTECHNOLOGIESINC_04_15_2003-EX-10.65-JOINT VENTURE AGREEMENT.PDF,"['IMPCO Technologies Inc. including its successors and permitted assigns', 'MINDA INDUSTRIES LIMITED including its successors and permitted assigns , Nirmal K. MINDA including his heirs, executors, administrators or successors and permitted assigns']"
GULFSOUTHMEDICALSUPPLYINC_12_24_1997-EX-4-AFFILIATE AGREEMENT.PDF,"['Gulf South Medical Supply, Inc.', 'Physician Sales & Service, Inc.', 'PSS Merger Corp.']"
AFSALABANCORPINC_08_01_1996-EX-1.1-AGENCY AGREEMENT.PDF,"['Amsterdam Federal Savings and Loan Association', 'Savings Association Insurance Fund', 'Federal  Deposit Insurance Corporation', 'Capital Resources, Inc. )']"
ALAMOGORDOFINANCIALCORP_12_16_1999-EX-1-AGENCY AGREEMENT.PDF,"['AF Mutual Holding Company', 'Alamogordo Federal Savings and Loan Association', 'Savings  Association Insurance Fund', 'Federal Deposit Insurance Corporation', 'Charles Webb & Company', 'Bruyette & Woods,  Inc. )']"
ALCOSTORESINC_12_14_2005-EX-10.26-AGENCY AGREEMENT.PDF,"['General Electric Capital Corporation together with its successors and assigns, if any', 'Duckwall-Alco Stores, Inc.']"
ALLIANCEBANCORPINCOFPENNSYLVANIA_10_18_2006-EX-1.2-AGENCY AGREEMENT.PDF,"['Alliance Mutual Holding Company', 'Alliance Bancorp, Inc. of Pennsylvania', 'Greater Delaware Valley Savings Bank d/b/a Alliance Bank', 'Sandler O’Neill & Partners, L.P. )']"
AMERICANPHYSICIANSCAPITALINC_03_31_2003-EX-10.26-AGENCY AGREEMENT.PDF,"['Mutual Insurance Corporation of America', 'Stratton, Cheeseman & Walsh-Nevada, Inc.']"
BANUESTRAFINANCIALCORP_09_08_2006-EX-10.16-AGENCY AGREEMENT.PDF,"['El Banco Financial Corporation', 'sales agent']"
BIOPURECORP_06_30_1999-EX-10.13-AGENCY AGREEMENT.PDF,"['Biopure Corporation', 'Agent']"
"BLUEHILLSBANCORP,INC_05_20_2014-EX-1.1-AGENCY AGREEMENT.PDF","['Blue Hills Bancorp, Inc.', 'Hyde Park Bancorp, MHC', 'Hyde Park Bancorp, Inc.', 'Blue Hills Bank', 'Bruyette & Woods, Inc.']"
"BLUEROCKRESIDENTIALGROWTHREIT,INC_06_01_2016-EX-1.1-AGENCY AGREEMENT.PDF","['Bluerock Residential Growth REIT, Inc.', 'Bluerock Residential Holdings, L.P.', 'BRG Manager, LLC', 'Compass Point Research & Trading, LLC']"
AURASYSTEMSINC_06_16_2010-EX-10.25-STRATEGIC ALLIANCE AGREEMENT.PDF,"['AURA SYSTEMS INC.', 'ZANOTTI EAST INC.']"
CHERRYHILLMORTGAGEINVESTMENTCORP_09_26_2013-EX-10.1-Strategic Alliance Agreement.PDF,"['Freedom Mortgage Corporation', 'Cherry Hill Mortgage Investment Corp.']"
ADAPTIMMUNETHERAPEUTICSPLC_04_06_2017-EX-10.11-STRATEGIC ALLIANCE AGREEMENT.PDF,"['The University of Texas M. D. Anderson Cancer Center', 'Adaptimmune LLC', 'Adaptimmune Limited']"
"COOLTECHNOLOGIES,INC_10_25_2017-EX-10.71-Strategic Alliance Agreement.PDF","['Cool Technologies Inc.', 'VETERAN TECHNOLOGY GROUP, LLC']"
"DUOSTECHNOLOGIESGROUP,INC_04_21_2009-EX-10.1-STRATEGIC ALLIANCE AGREEMENT.PDF","['System Associates, Inc.', 'Rubicon Software Group plc']"
ENTRUSTINC_07_24_1998-EX-10.5-STRATEGIC ALLIANCE AGREEMENT.PDF,"['NORTHERN TELECOM LIMITED', 'ENTRUST TECHNOLOGIES INC.']"
"FTENETWORKS,INC_02_18_2016-EX-99.4-STRATEGIC ALLIANCE AGREEMENT.PDF","['EDGE Communication Solutions, LLC', 'FRE Networks, Inc.']"
"GIGGLESN_HUGS,INC_06_23_2016-EX-10.2-STRATEGIC ALLIANCE AGREEMENT.PDF","[""Giggles N' Hugs, Inc."", 'Kiddo, Inc.']"
GOLDRESOURCECORP_12_11_2008-EX-10.1-STRATEGIC ALLIANCE AGREEMENT.PDF,"['GOLD RESOURCE CORPORATION', 'HOCHSCHILD MINING HOLDINGS LIMITED']"
ICORECONNECTINC_10_13_2010-EX-7.1-Strategic Alliance Agreement.PDF,"['IMedicor, Inc', 'USA Managed Care Organization']"
"INTELLIGENTHIGHWAYSOLUTIONS,INC_01_18_2018-EX-10.1-Strategic Alliance Agreement.PDF","['Bravatek Solutions, Inc.', 'Fazync LLC']"
INTRICONCORP_03_10_2009-EX-10.22-Strategic Alliance Agreement.PDF,"['IntriCon Corporation', 'Dynamic Hearing Pty Ltd']"
"IOVANCEBIOTHERAPEUTICS,INC_08_03_2017-EX-10.1-STRATEGIC ALLIANCE AGREEMENT.PDF","['Loin Biotechnologies, Inc.', 'The University of Texas M. D. Anderson Cancer Center']"
LIGHTBRIDGECORP_11_23_2015-EX-10.26-STRATEGIC ALLIANCE AGREEMENT.PDF,"['Lightbridge Corporation', 'Lloyds Register FNMA', '""Lloyds"" and together with ""Lightbridge""']"
MANAKOASERVICESCORP_11_21_2007-EX-7.5-STRATEGIC ALLIANCE AGREEMENT.PDF,"['UTEK Corporation', 'Manakoa Services Corporation']"
ORBSATCORP_08_17_2007-EX-7.3-STRATEGIC ALLIANCE AGREEMENT.PDF,"['UTEK Corporation', 'World Energy Solutions']"
PHLVARIABLEINSURANCECOCT_08_17_2009-EX-10.1-STRATEGIC ALLIANCE AGREEMENT.PDF,"['PHL VARIABLE INSURANCE COMPANY', 'PHOENIX LIFE INSURANCE COMPANY', 'PHOENIX EQUITY PLANNING CORPORATION', 'INVESTORS CAPITAL CORPORATION']"
"PHREESIA,INC_05_28_2019-EX-10.18-STRATEGIC ALLIANCE AGREEMENT.PDF","['Allscripts Healthcare, LLC', 'Phreesia, Inc.']"
REWALKROBOTICSLTD_07_10_2014-EX-10.2-STRATEGIC ALLIANCE AGREEMENT.PDF,"['Yaskawa Electric Corporation', 'Argo Medical Technologies Ltd.']"
KALLOINC_11_03_2011-EX-10.1-STRATEGIC ALLIANCE AGREEMENT.PDF',"['KALLO Inc.', 'Petro data Management Services Limited.', 'Gateway Global Fabrication Ltd.']"
"ROCKYMOUNTAINCHOCOLATEFACTORY,INC_12_23_2019-EX-10.2-STRATEGIC ALLIANCE AGREEMENT.PDF","['Farids & Co. LLC', 'Edible Arrangements, LLC', 'Rocky Mountain Chocolate Factory, Inc.']"
"SUCAMPOPHARMACEUTICALS,INC_11_04_2015-EX-10.2-STRATEGIC ALLIANCE AGREEMENT.PDF","['R-Tech Ueno, Ltd.', 'Sucampo Pharma, LLC.', 'Sucampo Pharmaceuticals, Inc.']"
"TURNKEYCAPITAL,INC_07_20_2017-EX-1.1-Strategic Alliance Agreement.PDF","['Turnkey Capital Inc.', 'Seminole Indian Company']"
USASYNTHETICFUELCORP_10_21_2010-EX-10.10-STRATEGIC ALLIANCE AGREEMENT.PDF,"['OXBOW CARBON & MINERALS LLC', 'Global Energy, Inc', 'Oxbow and Global']"
"WASTE2ENERGYHOLDINGS,INC_06_03_2010-EX-10.2-STRATEGIC ALLIANCE AGREEMENT.PDF","['SHBV  LTD', 'WASTE2ENERGY GROUP HOLDINGS PLC', 'SHBV and W2E']"
"VIRTUALSCOPICS,INC_11_12_2010-EX-10.1-STRATEGIC ALLIANCE AGREEMENT.PDF","['PPD Development, LP', 'VirtualScopics, Inc']"
"XLITECHNOLOGIES,INC_12_02_2015-EX-10.02-STRATEGIC ALLIANCE AGREEMENT.PDF","['BOSCH INTERNATIONAL, LLC', 'BOSCH TECHNOLOGIES, LLC']"
ANIXABIOSCIENCESINC_06_09_2020-EX-10.1-COLLABORATION AGREEMENT.PDF,"['Anixa Biosciences, Inc.', 'OntoChem GmbH']"
BIOCEPTINC_08_19_2013-EX-10-COLLABORATION AGREEMENT.PDF,"['BIOCEPT, INC.', 'LIFE TECHNOLOGIES  CORPORATION']"
"CARDAX,INC_08_19_2014-EX-10.1-COLLABORATION AGREEMENT.PDF","['Capsugel US, LLC', 'Cardax, Inc.', 'CARDAX and CAPSUGEL']"
CHEETAHMOBILEINC_04_22_2014-EX-10.43-Cooperation Agreement.PDF,"['Beike Internet Security Technology Co., Ltd.', 'Baidu Online Network Technology  Co., Ltd.']"
"ELFBEAUTY,INC_07_02_2020-EX-10.1-COOPERATION AGREEMENT.PDF","['e.l.f. Beauty, Inc.', 'Marathon Partners Equity Management, LLC', 'Marathon Partners L.P.', 'Marathon Focus Fund L.P.', 'Marathon Partners LUX Fund, L.P.', 'Cibelli Research & Management, LLC', 'Mario Cibelli']"
FIBROGENINC_10_01_2014-EX-10.11-COLLABORATION AGREEMENT.PDF,"['FibroGen, Inc.', 'Astellas Pharma Inc.']"
"HC2HOLDINGS,INC_05_14_2020-EX-10.1-COOPERATION AGREEMENT.PDF","['MG Capital Management Ltd.', 'Percy Rockdale LLC', 'Rio Royal LLC', 'HC2 Holdings, Inc.', 'Each of the MG Capital Parties and the Company are referred to herein as a “Party” and collectively, as the “Parties""']"
HPILHOLDING_01_07_2015-EX-99.1-COOPERATION AGREEMENT.PDF,"['HPIL ENERGYTECH Inc.', 'GINARES GROUP AG', 'HPIL ET and GINARES']"
LEJUHOLDINGSLTD_03_12_2014-EX-10.34-INTERNET CHANNEL COOPERATION AGREEMENT.PDF,"['Beijing Baidu Netcom Science and Technology Co., Ltd.', 'China Online Housing  Co., Ltd.', 'Beijing Yisheng Leju Information Services Co., Ltd', 'Party A, Party B, Party C']"
"MEETGROUP,INC_06_29_2017-EX-10.1-COOPERATION AGREEMENT.PDF","['Meet Group, Inc.', 'HARVEST SMALL CAP PARTNERS MASTER, LTD', 'HARVEST SMALL CAP PARTNERS, L.P.', 'HARVEST CAPITAL STRATEGIES LLC']"
QIWI_06_16_2017-EX-99.(D)(2)-COOPERATION AGREEMENT.PDF,"['Otkritie Investments Cyprus Limited', 'QIWI plc', 'OICL and QIWI']"
"SPIENERGYCO,LTD_07_10_2014-EX-10-Cooperation Agreement of 50MWp Photovoltaic Grid-connected Power Generation Project in Yangqiao of~1.PDF","['People’s Government of Fenyi County', 'Xinyu Xinwei New Energy Co., Ltd.']"
"SPOKHOLDINGS,INC_06_19_2020-EX-10.1-COOPERATION AGREEMENT.PDF","['Spôk Holdings, Inc.', 'White Hat Strategic Partners LP', 'White Hat SP GP LLC', 'White Hat Capital Partners LP', 'White Hat Capital Partners GP LLC', 'each of the Company and White Hat Parties a ""Party""\' collectively ""Parties""']"
STWRESOURCESHOLDINGCORP_08_06_2014-EX-10.1-COOPERATION AGREEMENT.PDF,"['City of Fort Stockton', 'STW resources Holding Corp', 'individually referred to as a ""Party, collectively referred to as ""Parties""']"
URSCORPNEW_03_17_2014-EX-99-COOPERATION AGREEMENT.PDF,"['JANA Partners LLC', 'URS Corporation']"
"CERES,INC_01_25_2012-EX-10.20-Collaboration Agreement.PDF","['INSTITUTE OF GRASSLAND AND  ENVIRONMENTAL RESEARCH', 'CERES, INC.']"
"FIDELITYNATIONALINFORMATIONSERVICES,INC_08_05_2009-EX-10.3-INTELLECTUAL PROPERTY AGREEMENT.PDF","['Equifax Inc.', 'Certegy Inc.']"
"ARMSTRONGFLOORING,INC_01_07_2019-EX-10.2-INTELLECTUAL PROPERTY AGREEMENT.PDF","['Armstrong Flooring, Inc.', 'AFI Licensing LLC', 'AFI Licensing LLC together with Armstrong Flooring, Inc.', 'AHF Holding, Inc.', 'Armstrong Hardwood Flooring Company', 'AHF Holding, Inc. together with Armstrong Hardwood Flooring Company']"
"GSITECHNOLOGYINC_11_16_2009-EX-10.2-INTELLECTUAL PROPERTY AGREEMENT between SONY ELECTRONICS INC. and GSI TECHNOLOGY, INC..PDF","['GSI Technology, Inc.', 'Sony Electronics Inc.', 'individually as a ""party"", collectively as the ""parties""']"
"HERTZGLOBALHOLDINGS,INC_07_07_2016-EX-10.4-INTELLECTUAL PROPERTY AGREEMENT.PDF","['THE HERTZ CORPORATION', 'HERTZ SYSTEM, INC.', 'HERC RENTALS INC.', '(hereinafter referred to collectively the ""Parties"", and individually as a ""party""']"
JINGWEIINTERNATIONALLTD_10_04_2007-EX-10.7-INTELLECTUAL PROPERTY AGREEMENT.PDF,"['JingWei HengTong Technology', 'ShenZhen JingWei Communication Co., Ltd.']"
MSCIINC_02_28_2008-EX-10.10-.PDF,"['Morgan Stanley & Co. Incorporated', 'MSCI Inc.', 'MS and MSCI individually as ""Party"" and collectively as the ""Parties""']"
"OTISWORLDWIDECORP_04_03_2020-EX-10.4-INTELLECTUAL PROPERTY AGREEMENT by and among UNITED TECHNOLOGIES CORPORATION, OTIS WORLDWIDE CORPORATION and CARRIER ~1.PDF","['United Technologies Corporation', 'Otis Worldwide Corporation', 'Carrier Global Corporation', 'each a ""Party"", and together, the ""Parties""']"
VERSOTECHNOLOGIESINC_12_28_2007-EX-99.3-INTELLECTUAL PROPERTY AGREEMENT.PDF,"['NMS Communications Corp.', 'Verson Backhaul Solutions, Inc.']"
ZEBRATECHNOLOGIESCORP_04_16_2014-EX-10.1-INTELLECTUAL PROPERTY AGREEMENT.PDF,"['Motorola Solutions, Inc.', 'Zebra Technologies Corporation']"
AIRSPANNETWORKSINC_04_11_2000-EX-10.5-Distributor Agreement.PDF,"['Airspan Networks Incorporated', 'GLS LLC']"
ACCURAYINC_09_01_2010-EX-10.31-DISTRIBUTOR AGREEMENT.PDF,"['ACCURAY INCORPORATED,', 'SIEMENS AKTIENGESELLSCHAFT']"
BLACKBOXSTOCKSINC_08_05_2014-EX-10.1-DISTRIBUTOR AGREEMENT.PDF,"['Snotarator LLC', 'SMSA Ballinger Acquisition Corp.,']"
ENTERTAINMENTGAMINGASIAINC_02_15_2005-EX-10.5-DISTRIBUTOR AGREEMENT.PDF,"['VendingData Corporation', 'Technical Casino Supplies Ltd.']"
"ETELOS,INC_03_09_2004-EX-10.8-DISTRIBUTOR AGREEMENT.PDF","['Tripath Technology, Inc.', 'Uniquest Corporation']"
EUROPEANMICROHOLDINGSINC_03_06_1998-EX-10.6-DISTRIBUTOR AGREEMENT.PDF,"['WatchGuard Technologies, Inc.', 'European Micro']"
HYPERIONSOFTWARECORP_09_28_1994-EX-10.47-EXCLUSIVE DISTRIBUTOR AGREEMENT.PDF,"['IMRS OPERATIONS INC.', 'Delteq Pte Ltd']"
"LEGACYTECHNOLOGYHOLDINGS,INC_12_09_2005-EX-10.2-DISTRIBUTOR AGREEMENT.PDF","['LifeUSA/  Envision  Health,  Inc.', 'Sierra Mountain Minerals, Inc.']"
LUCIDINC_04_15_2011-EX-10.9-DISTRIBUTOR AGREEMENT.PDF,"['Lucid Inc.', '[*]']"
LIMEENERGYCO_09_09_1999-EX-10-DISTRIBUTOR AGREEMENT.PDF,"['Electric City Corp.', 'Electric City of Illinois LLC']"
NEOMEDIATECHNOLOGIESINC_12_15_2005-EX-16.1-DISTRIBUTOR AGREEMENT.PDF,"['PPG Paints Trading  Co Ltd', 'NeoMedia Micro Paint Repair']"
NANOPHASETECHNOLOGIESCORP_11_01_2005-EX-99.1-DISTRIBUTOR AGREEMENT.PDF,"['JOHNSON MATTHEY CATALOG COMPANY, INC. d/b/a ALFA AESAR', 'Nanophase Technologies Corporation']"
"OPTIMIZEDTRANSPORTATIONMANAGEMENT,INC_07_26_2000-EX-6.6-DISTRIBUTOR AGREEMENT.PDF","['COMWARE TECHNICAL SERVICES', 'INTERNATIONAL TEST SYSTEMS, INC.']"
"VISIUMTECHNOLOGIES,INC_10_20_2004-EX-10.20-DISTRIBUTOR AGREEMENT.PDF","['Wireless Links Inc', 'Jaguar Investments, Inc. and its affiliates']"
ENERGYXXILTD_05_08_2015-EX-10.13-Transportation AGREEMENT.PDF,"['Energy XXI Gulf Coast, Inc.', 'Energy XXI USA, Inc.', 'Shipper and Transporter']"
ENTERPRISEPRODUCTSPARTNERSLP_07_08_1998-EX-10.3-TRANSPORTATION CONTRACT.PDF,"['Enterprise Transportation Company', 'Enterprise Products  Operating L.P.']"
MARTINMIDSTREAMPARTNERSLP_01_23_2004-EX-10.3-TRANSPORTATION SERVICES AGREEMENT.PDF,"['Martin Operating Partnership L.P.', 'Midstream Fuel Service LLC']"
ADAMSGOLFINC_03_21_2005-EX-10.17-ENDORSEMENT AGREEMENT.PDF,"['TOM WATSON', 'ADAMS GOLF, LTD.']"
AMBASSADOREYEWEARGROUPINC_11_17_1997-EX-10.28-ENDORSEMENT AGREEMENT.PDF,"['Kathy Ireland, Inc.', 'Kathy Ireland', 'The Sterling/Winters Co.', 'Diplomat Ambassador Eyewear Group']"
HOLIDAYRVSUPERSTORESINC_04_15_2002-EX-10.13-ENDORSEMENT AGREEMENT.PDF,"['Holiday RV Superstores, Inc. d/b/a Recreation USA', 'Affinity Group, Inc.', 'Company and AGI']"
"MARSHALLHOLDINGSINTERNATIONAL,INC_04_14_2004-EX-10.15-ENDORSEMENT AGREEMENT.PDF","['Bruce Jenner', 'The Right Solution']"
MOVADOGROUPINC_04_30_2003-EX-10.28-ENDORSEMENT AGREEMENT.PDF,"['Movado Group, Inc.', 'Trustees of the Grinberg Family Trust']"
MOSSIMOINC_04_14_2000-EX-10.14-ENDORSEMENT AGREEMENT.PDF,"['MOSSIMO, INC.', 'DAVID DUVAL ENTERPRISES, INC']"
SPORTHALEYINC_09_29_1997-EX-10.2-10-ENDORSEMENT AGREEMENT.PDF,"['SPORT-HALEY, INC.', '__________']"
TEARDROPGOLFCO_10_23_1996-EX-10.12-ENDORSEMENT AGREEMENT.PDF,"['Teardrop Putter Corporation', 'Consolidated Artists  Inc.']"
WARNINGMANAGEMENTSERVICESINC_12_10_1999-EX-10-ENDORSEMENT AGREEMENT.PDF,"['FAMOUS FIXINS, INC.', 'PEY DIRT, INC.']"
"Array BioPharma Inc. - LICENSE, DEVELOPMENT AND COMMERCIALIZATION AGREEMENT.PDF","['Array BioPharma Inc.,', 'Ono Pharmaceutical Co., Ltd.']"
Microgenics Corporation - Collaborative Development and Commercialization Agreement.PDF,"['Microgenics Corporation', 'Achaogen Inc.']"
WARNERCHILCOTTPLC_12_31_2003-EX-4.36-DEVELOPMENT AGREEMENT.PDF,"['Leo Pharma A/S', 'Galen  Limited']"
TRUENORTHENERGYCORP_02_08_2007-EX-10.1-DEVELOPMENT AGREEMENT.PDF,"['BP America Production Company', 'True North Energy Corp.']"
AIRTECHINTERNATIONALGROUPINC_05_08_2000-EX-10.4-FRANCHISE AGREEMENT.PDF,"['Airsopure International Group, Inc.', '[]']"
"HOSPITALITYINVESTORSTRUST,INC_04_07_2014-EX-10.26-FRANCHISE AGREEMENT.PDF","['Homewood Suites Franchise LLC', 'Franchisee']"
INTERNATIONALFASTFOODCORP_04_04_1997-EX-99-FRANCHISE AGREEMENT.PDF,"['BURGER  KING  CORPORATION', 'INTERNATIONAL FAST FOOD POLSKA SP ZO.0', 'INTERNATIONAL FAST FOOD                                           CORPORATION']"
"GOOSEHEADINSURANCE,INC_04_02_2018-EX-10.6-Franchise Agreement.PDF","['Goosehead Insurance Agency, LLC']"
JOINTCORP_09_19_2014-EX-10.15-FRANCHISE AGREEMENT.PDF,"['The Joint Corp', '________________________________________']"
AMERICASSHOPPINGMALLINC_12_10_1999-EX-10.2-SITE DEVELOPMENT AND HOSTING AGREEMENT.PDF,"['Hanover Direct, Inc.', 'The Deerskin Companies, Inc.']"
BLUEFLYINC_03_27_2002-EX-10.27-e-business Hosting Agreement.PDF,"['International Business Machines Corporation', 'Bluefly, Inc.']"
BEYONDCOMCORP_08_03_2000-EX-10.2-CO-HOSTING AGREEMENT.PDF,"['NETWORKS ASSOCIATES, INC.', 'SOFTWARE.NET CORPORATION']"
BNCMORTGAGEINC_05_17_1999-EX-10.4-LICENSING AND WEB SITE HOSTING AGREEMENT.PDF,"['Mortgage Logic.com, Inc.', 'TrueLink, Inc.']"
BOLIVARMININGCORP_05_23_2003-EX-2.1-VISP WEB SITE BUILDING AND HOSTING AGREEMENT.PDF,"['YourNetPlus.com, Inc.', 'Kingdom Connect, Inc.']"
CORIOINC_07_20_2000-EX-10.5-LICENSE AND HOSTING AGREEMENT.PDF,"['Corio Inc.', 'Commerce One, Inc.']"
CHANGEPOINTCORP_03_08_2000-EX-10.6-LICENSE AND HOSTING AGREEMENT.PDF,"['Corio Inc.', 'Changepoint, Inc.']"
GALACTICOMMTECHNOLOGIESINC_11_07_1997-EX-10.46-WEB HOSTING AGREEMENT.PDF,"['Galacticomm', 'Horst Entertainment Inc']"
INKTOMICORP_06_08_1998-EX-10.14-SOFTWARE HOSTING AGREEMENT.PDF,"['INKTOMI CORPORATION', 'MICROSOFT CORPORATION']"
"ADMA BioManufacturing, LLC -  Amendment #3 to Manufacturing Agreement .PDF","['ADMA BioManuFacturing, LLC', 'Sanofi Pasteur S.A']"
"Antares Pharma, Inc. - Manufacturing Agreement.PDF","['Antares Pharma, Inc.', 'AMAG Pharmaceuticals, Inc.', 'individually as ""Party"" and collectively as the ""Parties""']"
Apollo Endosurgery - Manufacturing and Supply Agreement.PDF,"['Apollo Endosurgery', 'Establishment Labs, S.A', 'Apollo and Establishment shall hereinafter be individually referred to as a ""Party"" and collectively as the ""Parties""']"
Cerus Corporation - FIRST AMEND TO SUPPLY AND MANUFACTURING AGREEMENT.PDF,"['Cerus Corporation', 'Porex Corporation']"
"Columbia Laboratories, (Bermuda) Ltd. - AMEND NO. 2 TO MANUFACTURING AND SUPPLY AGREEMENT.PDF","['Columbia Laboratories,  Ltd.', 'Fleet Laboratories Limited']"
ELECTRAMECCANICA VEHICLES CORP. - Manufacturing Agreement .PDF,"['Electrameccanica Vehicles Corp', 'Chongqing Zongshen Automobile Industry Co., LTD.', 'ELECTRAMECCANICA VEHICLES CORP']"
"Magenta Therapeutics, Inc. - Master Development and Manufacturing Agreement.PDF","['Magenta Therapeutics, Inc.', 'Bachem Americas, Inc.']"
"Sonos, Inc. - Manufacturing Agreement .PDF","['Sonos, Inc.', 'Inventec Appliances Corporation']"
"VAPOTHERM, INC. - Manufacturing and Supply Agreement.PDF","['VAPOTHERM, INC', 'MEDICA S.p.A.']"
"ON2TECHNOLOGIES,INC_11_17_2006-EX-10.3-SUPPORT AND MAINTENANCE AGREEMENT.PDF","['On2 Technologies, Inc.', 'Wildform, Inc.']"
PRIMEENERGYRESOURCESCORP_04_02_2007-EX-10.28-COMPLETION AND LIQUIDITY MAINTENANCE AGREEMENT.PDF,"['PRIMEEVERGY CORPORATION', 'GUARANTY BANK', 'PRIME OFFSHORE L.L.C.']"
SECURIANFUNDSTRUST_05_01_2012-EX-99.28.H.9-NET INVESTMENT INCOME MAINTENANCE AGREEMENT.PDF,"['Advantus Capital  Management, Inc.', 'Securian Financial Services, Inc.', 'Securian Funds Trust', 'Trust’s Advantus Money Market Fund']"
SANDRIDGEENERGYINC_08_06_2009-EX-10.6-OPERATIONS AND MAINTENANCE AGREEMENT.PDF,"['Piñon Gathering Company, LLC', 'SandRidge Midstream, Inc.']"
SEPARATEACCOUNTIIOFAGL_05_02_2011-EX-99.(J)(4)-UNCONDITIONAL CAPITAL MAINTENANCE AGREEMENT.PDF,"['American International Group, Inc.', 'American General Life Insurance Company']"
SLOVAKWIRELESSFINANCECOBV_03_28_2001-EX-4.(B)(II).3-Maintenance and support contract for SICAP(R) modules.PDF,"['EuroTel', 'Sicap Ltd']"
SFGFINANCIALCORP_05_12_2009-EX-10.1-SOFTWARE LICENSE AND MAINTENANCE AGREEMENT.PDF,"['SFG Financial Corp', '551 FX IB Associates, LLC']"
SPARKLINGSPRINGWATERHOLDINGSLTD_07_03_2002-EX-10.13-SOFTWARE LICENSE AND MAINTENANCE AGREEMENT.PDF,"['GARMAN ROUTING SYSTEMS, INC.', 'SPARKLING SPRING WATER GROUP LIMITED']"
SMITHELECTRICVEHICLESCORP_04_04_2012-EX-10.26-FLEET MAINTENANCE AGREEMENT.PDF,"['DAIRY CREST LIMITED', 'SEV GROUP LIMITED']"
"SPIENERGYCO,LTD_03_09_2011-EX-99.5-OPERATIONS AND MAINTENANCE AGREEMENT.PDF","['Solar Tax Partners 1, LLC', 'Solar Power, Inc.']"
STARTECGLOBALCOMMUNICATIONSCORP_11_16_1998-EX-10.30-CONSTRUCTION AND MAINTENANCE AGREEMENT.PDF,"['ABS Telecom plc', 'AT&T Corp.', 'BARAK I.T.C', 'BC TEL', 'Belgacom S.A.', 'BellSouth International, Inc.', 'British Telecommunications pIc', 'Cable & Wireless Global Network Organisation Limited', 'Cable & Wireless, Inc.', 'Carrier 1 AG', 'COMPANHIA PORTUGUESA RADIO MARCONI, SA.', 'Com Tech International Corporation', 'CYPRUS TELECOMMUNICATIONS AUTHORITY', 'Deutsche Telekom AG', 'Energis Communications Limited', 'Emirates Telecommunications Corporation - ETISALAT', 'France Telecom', 'GTE Intelligent Network Services Incorporated', 'Hellenic Telecommunications Organisation S.A.', 'IXC Communications, Inc.', 'IXNET Limited', 'Japan Telecom Co., Ltd.', 'Kokusai Denshin Denwa Americas Inc.', 'KPN Telecom B.V', 'MCI International Inc.', 'NTT Worldwide Network Corporation', 'OY FINNET International AB', 'Pacific Gateway Exchange', 'Pacific Gateway Exchange Inc.', 'Rostelecom', 'RSL Communications Limited', 'Singapore Telecommunications Limited', 'Slovenske Telecomunicatie s.e.', 'Sonera Ltd.', 'Sprint Communications Company L.P.', 'STAR Telecommunications Inc.', 'StarHub', 'STARTEC GLOBAL COMMUNICATIONS CORPORATION', 'Swisscom Ltd', 'Swisscom North America Inc.', 'Tele 2 AB', 'TeleBermuda International Limited', 'Tele Danmark A/S', 'Telef6nica de Espana, S.A.', 'Teleglobe USA', 'Telenor Global Services AS', 'Telesur', 'TELIA AB', 'Telia North America Inc.', 'Transoceanic Communications Incorporated', 'Turk Telekomunikasyon A.S.', 'Ultrallne  Limited', 'VIATEL', 'Videsh Sanchar Nigam Limited']"
SUNTRONCORP_05_17_2006-EX-10.22-MAINTENANCE AGREEMENT.PDF,"['THAYER EQUITY INVESTORS IV, L.P.', 'U.S. Bank National ASSOCIATION', 'SUNTRON CORPORATION', 'K*TEC OPERATING CORP., SUNCTRON GCO L.P.', 'EFTC OPERATING CORP.', 'SUNTRON-IOWA, INC.', 'CURRENT ELECTRONICS, INC.', 'RM ELECTRONICS, INC.', 'SUNTRON-KANSAS, INC.']"
SUMMAFOURINC_06_19_1998-EX-10.3-SOFTWARE LICENSE AND MAINTENANCE AGREEMENT.PDF,"['D2 Technologies, Inc.', 'Summa Four Inc.']"
TELEGLOBEINTERNATIONALHOLDINGSLTD_03_29_2004-EX-10.10-CONSTRUCTION AND MAINTENANCE AGREEMENT.PDF,"['Advantage Telecommunications Ltd.', 'Cable & Wireless Global Network Limited', 'Cable & Wireless HKT international Limited', 'China Telecom', 'China United Telecommunications Corporation', 'Chunghwa Telecom Co., Ltd.,', 'Concert Global Network Services, Ltd.', 'Global One Communications Network, Inc.', 'Japan Telecom Co., Ltd.', 'KDD Corporation', 'Korea Telecom', 'KPN Telecom B.V.', 'Layer 2 Communications Group Ltd.', 'MCI International Telecommunications. Inc.', 'Metromedia Fiber Network Services, Inc.', 'New Century InfoComm Ltd., Preparatory Office', 'NTT Communications Corporation', 'Onelink Cable Network Limited', 'Philippine Long Distance Telephone Company', 'Singapore Telecommunications Limited', 'StarHub Pte Ltd', 'Taiwan Fixed Network Co., Ltd. Preparatory Office', 'Teleglobe USA Inc.', 'Telekom Malaysia Berhad', 'Telstra Global Networks Limited', 'Williams Communications, Inc.,', 'APT Satellite Telecommunications Limited', 'Bayan Telecommunications, Inc.', 'China Netcom Corporation Ltd.', 'The Communications Authority of Thailand', 'CTI International Limited', 'Dacom Corporation', 'edge2net Inc.', 'Eastern Telecommunications Philippines, Incorporated', 'Global Access Ltd.', 'Globe Telecom, Inc.', 'GNG Networks. Inc.', 'GTE Intelligent Network Service Incorporated', 'PT Indosat  Tbk', 'Maxis International Sdn. Bhd', 'New World Telephone Limited', 'NTT Com Asia Ltd.', 'Onse Telecom Corporation', 'Telia AB', 'TT dotCom Sdn Bhd']"
TELKOMSALTD_01_30_2003-EX-10-LICENCE AND MAINTENANCE AGREEMENT.PDF,"['SYSTEMS APPLICATIONS PRODUCTS   LIMITED', 'TELKOM SOUTH AFRICA LIMITED']"
TRIZETTOGROUPINC_08_18_1999-EX-10.17-TECHNICAL INFRASTRUCTURE MAINTENANCE AGREEMENT.PDF,"['MEDICAL MANAGER MIDWEST, INC.', 'MTS, INC.']"
UAGHINC_04_14_2004-EX-10.18-MAINTENANCE AGREEMENT.PDF,"['Universal Access, Inc.', 'CityNet Telecommunications, Inc.']"
VARIABLESEPARATEACCOUNT_04_30_2014-EX-13.C-UNCONDITIONAL CAPITAL MAINTENANCE AGREEMENT.PDF,"['American International Group, Inc.', 'American General Life Insurance Company']"
VERTEXENERGYINC_08_14_2014-EX-10.24-OPERATION AND MAINTENANCE AGREEMENT.PDF,"['MAGELLAN TERMINALS HOLDINGS, L.P.', 'OMEGA REFINING , LLC', 'Individually as ""Party"" and collectively as ""Parties""']"
VERTICALNETINC_04_01_2002-EX-10.19-MAINTENANCE AND SUPPORT AGREEMENT.PDF,"['VerticalNet,Inc', 'Vertical Enterprises LLC formerly known as Tradeum, Inc. which d/b/a VerticalNet Solutions', 'Converge, Inc.']"
ZONDWINDSYSTEMPARTNERSLTDSERIES85-B_04_03_2006-EX-10-MANAGEMENT AND MAINTENANCE AGREEMENT.PDF,"['Sagebrush', 'Sagebrush partners', 'ToyoWest Management Inc.']"
"GWG HOLDINGS, INC. - ORDERLY MARKETING AGREEMENT.PDF","['GWG Holdings, Inc.', 'Trust Advisors to the Seller Trusts', 'GWG and Trust Advisors']"
"HEMISPHERX - Sales, Marketing, Distribution, and Supply Agreement.PDF","['HEMISPHERX BIOPHARMA, INC', 'Scientific Products Pharmaceutical Co. LTD']"
Monsanto Company - SECOND A&R EXCLUSIVE AGENCY AND MARKETING AGREEMENT .PDF,"['Monsanto Company', 'The Scotts Company LLC']"
LECLANCHÉ S.A. - JOINT DEVELOPMENT AND MARKETING AGREEMENT.PDF,"['LECLANCHÉ S.A.', 'OAK RIDGE ENERGY TECHNOLOGIES INC']"
"Loop Industries, Inc. - Marketing Agreement.PDF","['Loop Industries, Inc.', 'Indorama Loop Technologies, LLC', 'Loop and Joint Venture Company']"
NUVEEN - REMARKETING AGREEMENT.PDF,"['Nuveen AMT-Free Municipal Credit Income Fund', 'Nuveen Fund Advisors, LLC', 'Nuveen Investments, Inc.', '[●]']"
"MetLife, Inc. - Remarketing Agreement.PDF","['MetLife, Inc.', 'Deutsche Bank Securities Inc.', 'Deutsche Bank Trust Company America']"
"PACIRA PHARMACEUTICALS, INC. - A&R STRATEGIC LICENSING, DISTRIBUTION AND MARKETING AGREEMENT .PDF","['PACIRA PHARMACEUTICALS, INC.', 'EKR THERAPEUTICS, INC.']"
Principal Life Insurance Company - Broker Dealer Marketing and Servicing Agreement .PDF,"['Principal Life Insurance Company', 'Princor Financial Services Corporation', 'ABC Company and its duly licensed insurance affiliates indicated on the signature page of this   Agreement']"
"Reinsurance Group of America, Incorporated - A&R REMARKETING  AGREEMENT.PDF","['Reinsurance Group of America, Incorporated', 'RGA Capital Trust I', 'Barclays Capital Inc.']"
"SightLife Surgical, Inc. - STRATEGIC SALES & MARKETING AGREEMENT.PDF","['SightLife Surgical, Inc.', 'Imprimis Pharmaceuticals, Inc.']"
"Zounds Hearing, Inc. - MANUFACTURING DESIGN MARKETING AGREEMENT.PDF","['Zounds Hearing, Inc.', 'InnerScope Hearing Technologies, Inc.', 'Subcontractor and Manufacturer']"
NATIONALPROCESSINGINC_07_18_1996-EX-10.4-SPONSORSHIP AGREEMENT.PDF,"['National Processing Company,', 'National City Bank of Kentucky,']"
PACIFICSYSTEMSCONTROLTECHNOLOGYINC_08_24_2000-EX-10.53-SPONSORSHIP AGREEMENT.PDF,"['American Champion Media,', 'Shun Li De Commerce & Trading Ltd,']"
PROLONGINTERNATIONALCORP_03_23_1998-EX-10.16-SPONSORSHIP AGREEMENT.PDF,"['SABCO RACING, INC.', 'Prolong Super Lubricants']"
NETGROCERINC_07_31_1998-EX-10.15-SPONSORSHIP AGREEMENT.PDF,"['Excite, Inc.', 'NetGrocer, Inc.']"
SONUSCORP_03_12_1997-EX-10.11-SPONSORSHIP AGREEMENT.PDF,"['HEALTHCARE CAPITAL CORP.', 'C.M. OLIVER & COMPANY LIMITED']"
RUBIOSRESTAURANTSINC_03_31_2008-EX-10.75-SPONSORSHIP AGREEMENT.PDF,"['SAN DIEGO BALLPARK FUNDING LLC', ""Rubio's Fresh Mexican Grill""]"
TICKETSCOMINC_06_22_1999-EX-10.22-SPONSORSHIP AGREEMENT.PDF,"['Tickets.com Inc. ""Tickets""', 'MP3.com Inc. ""MP3.com""']"
"VNUE,INC_07_10_2015-EX-10.1-SPONSORSHIP AGREEMENT.PDF","['ANTHEMIC, LLC', 'VNUE INC']"
"ADIANUTRITION,INC_04_01_2005-EX-10.D2-RESELLER AGREEMENT.PDF","['PivX Corporation', 'Detto Technologies']"
DIVERSINETCORP_03_01_2012-EX-4-RESELLER AGREEMENT.PDF,"['Diversinet Corp.', '2205925 Ontario Limited']"
WORLDWIDESTRATEGIESINC_11_02_2005-EX-10-RESELLER AGREEMENT.PDF,"['Touchstar Software Corporation', 'Worldwide Strategies']"
"BELLRINGBRANDS,INC_02_07_2020-EX-10.18-MASTER SUPPLY AGREEMENT.PDF","['Premier Nutrition Company, LLC,', 'Fonterra  Inc.,']"
BIOFRONTERAAG_04_29_2019-EX-4.17-SUPPLY AGREEMENT.PDF,"['Cutanea Life Sciences, Inc.', 'Ferrer Internacional, S.A.']"
FUSIONPHARMACEUTICALSINC_06_05_2020-EX-10.17-Supply Agreement - FUSION.PDF,"['Centre for Probe Development and Commercialization', 'FUSION Pharmaceuticals Inc.']"
"INTERSECTENT,INC_05_11_2020-EX-10.1-SUPPLY AGREEMENT.PDF","['HOVIONE INTER AG', 'INTERSECT ENT, Inc.']"
ULTRAGENYXPHARMACEUTICALINC_12_23_2013-EX-10.9-SUPPLY AGREEMENT.PDF,"['Cremer Oleo GmbH & Co KG', 'Ultragenyx Pharmaceutical Inc.']"
"VAXCYTE,INC_05_22_2020-EX-10.19-SUPPLY AGREEMENT.PDF","['SutroVax, Inc.', 'Sutro Biopharma, Inc.', 'SutroVax and Sutro']"
VERICELCORP_08_06_2019-EX-10.10-SUPPLY AGREEMENT.PDF,"['Vericel Corporation', 'MediWound Ltd.', 'Vericel and MediWound']"
HEALTHGATEDATACORP_11_24_1999-EX-10.1-HOSTING AND MANAGEMENT AGREEMENT - Escrow Agreement.pdf,['NCC ESCROW INTERNATIONAL LIMITED']
BIOAMBERINC_04_10_2013-EX-10.34-DEVELOPMENT AGREEMENT - First Amendment.pdf,"['Cargill, Incorporated', 'BioAmber S.A.S.']"
HEALTHGATEDATACORP_11_24_1999-EX-10.1-HOSTING AND MANAGEMENT AGREEMENT (1).pdf,"['HealthGate Data Corp.', 'Blackwell Science Limited', 'Munksgaard A/S', 'together, Blackwell and Munksgaard shall be referred to as ""the Publishers"")']"
BIOAMBERINC_04_10_2013-EX-10.34-DEVELOPMENT AGREEMENT (1).pdf,"['Cargill, Incorporated', 'Bioamber S.A.S']"
"NETGEAR,INC_04_21_2003-EX-10.16-AMENDMENT TO THE DISTRIBUTOR AGREEMENT BETWEEN INGRAM MICRO AND NETGEAR-.pdf","['Ingram Micro', 'NETGEAR, Inc.']"
"NETGEAR,INC_04_21_2003-EX-10.16-DISTRIBUTOR AGREEMENT.pdf","['Ingram Micro', 'NETGEAR, Inc.']"
"NETGEAR,INC_04_21_2003-EX-10.16- AMENDMENT #2 TO THE DISTRIBUTION AGREEMENT.pdf","['Ingram Micro', 'NETGEAR, Inc.']"
NEONSYSTEMSINC_03_01_1999-EX-10.5-DISTRIBUTOR AGREEMENT_Amendment.pdf,"['Peregrine/Bridge Transfer Corporation', 'Neon Systems, Inc.']"
NEONSYSTEMSINC_03_01_1999-EX-10.5-DISTRIBUTOR AGREEMENT_New.pdf,"['Peregrine/Bridge Transfer Corporation', 'Neon Systems, Inc.']"
WOMENSGOLFUNLIMITEDINC_03_29_2000-EX-10.13-ENDORSEMENT AGREEMENT.PDF,"['SQUARE TWO GOLF INC.', 'KATHY WHITWORTH']"
WOMENSGOLFUNLIMITEDINC_03_29_2000-EX-10.13-ENDORSEMENT AGREEMENT - Intellectual Property Rights                 Confidentiality and Non-Use Obligations Agreement.pdf,"['SQUARE TWO GOLF INC.', 'KATHY WHITWORTH']"
"KUBIENT,INC_07_02_2020-EX-10.14-MASTER SERVICES AGREEMENT_Part2.pdf","['Kubient, Inc.', 'The Associated Press']"
"KUBIENT,INC_07_02_2020-EX-10.14-MASTER SERVICES AGREEMENT_Part1.pdf","['Kubient Inc.', 'The Associated Press']"
